,,,,FluSurveillance_Custom_Download_Data HOSPITALISATION,,,Waste water data,,ILI GP data,,,,ICL Lab tests ,,,,Google trends,,,
CATCHMENT,NETWORK,YEAR,WEEK,WEEKLY RATE,,sample_collect_date,pcr_target_mic_lin,,YEAR,WEEK,%UNWEIGHTED ILI,,YEAR,WEEK,PERCENT A,,Time,cough,dry cough,sore throat
New York - Rochester,EIP,2017,40,0.3,,31-Jul-23,0,,2018,40,0.964964,,2018,40,0.34,,01-Jul-21,44,51,55
New York - Albany,EIP,2017,40,0,,02-Aug-23,0,,2018,41,0.98214,,2018,41,0.35,,01-Aug-21,44,54,51
Entire Network,FluSurv-NET,2017,40,0.1,,04-Aug-23,0.00001,,2018,42,1.1082,,2018,42,0.34,,01-Sep-21,45,47,52
New York - Rochester,EIP,2017,41,0,,07-Aug-23,0,,2018,43,1.13962,,2018,43,0.33,,01-Oct-21,53,55,64
Entire Network,FluSurv-NET,2017,41,0.1,,09-Aug-23,0,,2018,44,1.26942,,2018,44,0.39,,01-Nov-21,58,62,62
New York - Albany,EIP,2017,41,0.1,,11-Aug-23,0.00001,,2018,45,1.09622,,2018,45,0.71,,01-Dec-21,72,98,100
Entire Network,FluSurv-NET,2017,42,0.2,,14-Aug-23,0,,2018,46,1.10866,,2018,46,1.18,,01-Jan-22,68,86,79
New York - Rochester,EIP,2017,42,0.1,,16-Aug-23,0.00003,,2018,47,1.34015,,2018,47,1.46,,01-Feb-22,37,37,43
New York - Albany,EIP,2017,42,0.1,,18-Aug-23,0.00001,,2018,48,1.31799,,2018,48,2.42,,01-Mar-22,47,45,56
New York - Rochester,EIP,2017,43,0.1,,21-Aug-23,0,,2018,49,1.46959,,2018,49,2.45,,01-Apr-22,62,70,72
Entire Network,FluSurv-NET,2017,43,0.2,,23-Aug-23,0.00001,,2018,50,1.95702,,2018,50,5.5,,01-May-22,66,74,78
New York - Albany,EIP,2017,43,0.1,,25-Aug-23,0,,2018,51,2.42423,,2018,51,8.39,,01-Jun-22,57,65,67
Entire Network,FluSurv-NET,2017,44,0.3,,28-Aug-23,0,,2018,52,3.02311,,2018,52,12.83,,01-Jul-22,51,56,67
New York - Rochester,EIP,2017,44,0,,28-Aug-23,0,,2019,1,2.7959,,2019,1,13.32,,01-Aug-22,43,44,53
New York - Albany,EIP,2017,44,0.1,,30-Aug-23,0,,2019,2,2.53648,,2019,2,14.11,,01-Sep-22,51,47,66
New York - Rochester,EIP,2017,45,0,,30-Aug-23,0,,2019,3,3.0807,,2019,3,17.98,,01-Oct-22,69,68,73
Entire Network,FluSurv-NET,2017,45,0.3,,01-Sep-23,0,,2019,4,3.47274,,2019,4,22.77,,01-Nov-22,86,84,81
New York - Albany,EIP,2017,45,0.1,,04-Sep-23,0,,2019,5,3.43565,,2019,5,21.98,,01-Dec-22,100,100,90
Entire Network,FluSurv-NET,2017,46,0.4,,06-Sep-23,0,,2019,6,3.87097,,2019,6,26.75,,01-Jan-23,61,67,66
New York - Rochester,EIP,2017,46,0.3,,06-Sep-23,0.00002,,2019,7,4.53822,,2019,7,27.18,,01-Feb-23,55,52,60
New York - Albany,EIP,2017,46,0.4,,08-Sep-23,0,,2019,8,4.04967,,2019,8,27.6,,01-Mar-23,55,54,65
New York - Rochester,EIP,2017,47,0.4,,08-Sep-23,0,,2019,9,3.24017,,2019,9,21.01,,01-Apr-23,51,51,59
Entire Network,FluSurv-NET,2017,47,0.8,,11-Sep-23,0,,2019,10,3.19059,,2019,10,20.58,,01-May-23,50,54,69
New York - Albany,EIP,2017,47,0.2,,11-Sep-23,0,,2019,11,3.2431,,2019,11,22.24,,01-Jun-23,42,48,50
Entire Network,FluSurv-NET,2017,48,1.2,,13-Sep-23,0.00003,,2019,12,3.26153,,2019,12,19.26,,01-Jul-23,37,41,46
New York - Rochester,EIP,2017,48,0.8,,15-Sep-23,0,,2019,13,2.74534,,2019,13,18.53,,01-Aug-23,41,43,46
New York - Albany,EIP,2017,48,1.4,,15-Sep-23,0.00001,,2019,14,2.74644,,2019,14,10.78,,01-Sep-23,48,47,48
New York - Rochester,EIP,2017,49,1.4,,18-Sep-23,0,,2019,15,2.08497,,2019,15,13.52,,01-Oct-23,62,63,55
Entire Network,FluSurv-NET,2017,49,1.4,,18-Sep-23,0.00003,,2019,16,1.77157,,2019,16,8.72,,01-Nov-23,76,71,61
New York - Albany,EIP,2017,49,1.3,,20-Sep-23,0.00001,,2019,17,1.26076,,2019,17,4.57,,01-Dec-23,89,92,75
Entire Network,FluSurv-NET,2017,50,2.3,,20-Sep-23,0,,2019,18,1.15328,,2019,18,1.73,,01-Jan-24,73,71,58
New York - Rochester,EIP,2017,50,3.4,,22-Sep-23,0,,2019,19,0.897742,,2019,19,2.22,,01-Feb-24,60,60,60
New York - Albany,EIP,2017,50,2.2,,22-Sep-23,0.00001,,2019,20,0.812505,,2019,20,1.38,,01-Mar-24,52,51,61
New York - Rochester,EIP,2017,51,7,,25-Sep-23,0,,2019,21,0.898427,,2019,21,1.27,,01-Apr-24,51,52,56
Entire Network,FluSurv-NET,2017,51,4.6,,25-Sep-23,0,,2019,22,0.918154,,2019,22,1.44,,01-May-24,49,52,56
New York - Albany,EIP,2017,51,3.7,,27-Sep-23,0,,2019,23,0.789753,,2019,23,0.52,,01-Jun-24,42,45,49
Entire Network,FluSurv-NET,2017,52,8.2,,27-Sep-23,0,,2019,24,0.668978,,2019,24,0.46,,01-Jul-24,39,39,43
New York - Rochester,EIP,2017,52,8,,29-Sep-23,0.00001,,2019,25,0.729279,,2019,25,0.53,,01-Aug-24,40,38,46
New York - Albany,EIP,2017,52,6.8,,02-Oct-23,0,,2019,26,0.692452,,2019,26,0.1,,01-Sep-24,54,50,54
New York - Rochester,EIP,2018,1,12,,03-Oct-23,0,,2019,27,0.677309,,2019,27,0.24,,01-Oct-24,63,56,48
Entire Network,FluSurv-NET,2018,1,10.2,,04-Oct-23,0.00003,,2019,28,0.606159,,2019,28,0.23,,01-Nov-24,67,64,53
New York - Albany,EIP,2018,1,9.1,,09-Oct-23,0,,2019,29,0.496888,,2019,29,0.46,,01-Dec-24,78,78,64
Entire Network,FluSurv-NET,2018,2,9.8,,11-Oct-23,0,,2019,30,0.510265,,2019,30,0.41,,01-Jan-25,79,81,61
New York - Rochester,EIP,2018,2,13.1,,11-Oct-23,0,,2019,31,0.496411,,2019,31,0.26,,01-Feb-25,68,69,57
New York - Albany,EIP,2018,2,8.6,,23-Oct-23,0.00003,,2019,32,0.582389,,2019,32,0.5,,01-Mar-25,51,50,47
New York - Rochester,EIP,2018,3,11.2,,25-Oct-23,0,,2019,33,0.487924,,2019,33,0.12,,01-Apr-25,50,50,54
Entire Network,FluSurv-NET,2018,3,8.9,,01-Nov-23,0,,2019,34,0.492445,,2019,34,1.07,,01-May-25,49,45,52
New York - Albany,EIP,2018,3,9.2,,07-Nov-23,0.00003,,2019,35,0.51099,,2019,35,0.59,,01-Jun-25,41,46,48
Entire Network,FluSurv-NET,2018,4,8.5,,08-Nov-23,0.00001,,2019,36,0.53943,,2019,36,0.93,,01-Jul-25,38,41,42
New York - Rochester,EIP,2018,4,15.2,,09-Nov-23,0.00001,,2019,37,0.717335,,2019,37,0.86,,01-Aug-25,36,36,44
New York - Albany,EIP,2018,4,12.3,,10-Nov-23,0.00003,,2019,38,0.853393,,2019,38,0.73,,01-Sep-25,46,43,52
New York - Rochester,EIP,2018,5,14.1,,14-Nov-23,0.00003,,2019,39,0.952203,,2019,39,0.66,,01-Oct-25,50,47,47
Entire Network,FluSurv-NET,2018,5,7.8,,15-Nov-23,0.00001,,2019,40,0.883474,,2019,40,0.3,,01-Nov-25,67,60,59
New York - Albany,EIP,2018,5,11.9,,17-Nov-23,0.00001,,2019,41,1.00583,,2019,41,0.41,,01-Dec-25,94,92,83
Entire Network,FluSurv-NET,2018,6,7,,17-Nov-23,0,,2019,42,1.09797,,2019,42,0.26,,01-Jan-26,69,64,59
New York - Rochester,EIP,2018,6,12.4,,20-Nov-23,0.00003,,2019,43,1.03963,,2019,43,0.42,,01-Feb-26,59,58,53
New York - Albany,EIP,2018,6,10.3,,21-Nov-23,0,,2019,44,1.23284,,2019,44,0.89,,01-Mar-26,71,65,66
New York - Rochester,EIP,2018,7,11.7,,21-Nov-23,0.00005,,2019,45,1.29974,,2019,45,0.98,,01-Apr-26,69,70,69
Entire Network,FluSurv-NET,2018,7,6.3,,22-Nov-23,0,,2019,46,1.37191,,2019,46,1.18,,01-May-26,71,75,84
New York - Albany,EIP,2018,7,10.9,,24-Nov-23,0,,2019,47,1.44615,,2019,47,1.83,,01-Jun-26,58,62,71
Entire Network,FluSurv-NET,2018,8,5.2,,29-Nov-23,0.00024,,2019,48,1.95974,,2019,48,2.87,,,,,
New York - Rochester,EIP,2018,8,9.2,,01-Dec-23,0.00003,,2019,49,1.94126,,2019,49,3.81,,,,,
New York - Albany,EIP,2018,8,10.2,,04-Dec-23,0.00004,,2019,50,2.28183,,2019,50,5.84,,,,,
New York - Rochester,EIP,2018,9,7.9,,04-Dec-23,0.00003,,2019,51,3.35442,,2019,51,7.06,,,,,
Entire Network,FluSurv-NET,2018,9,3.6,,05-Dec-23,0.00006,,2019,52,5.17193,,2019,52,10.82,,,,,
New York - Albany,EIP,2018,9,5.7,,11-Dec-23,0.0009,,2020,1,5.23796,,2020,1,9.96,,,,,
Entire Network,FluSurv-NET,2018,10,2.8,,12-Dec-23,0.00033,,2020,2,3.89487,,2020,2,11.08,,,,,
New York - Rochester,EIP,2018,10,5.4,,13-Dec-23,0.00045,,2020,3,4.98993,,2020,3,13.17,,,,,
New York - Albany,EIP,2018,10,3.8,,15-Dec-23,0.00025,,2020,4,6.29803,,2020,4,14.33,,,,,
New York - Rochester,EIP,2018,11,5.8,,18-Dec-23,0.00027,,2020,5,6.96812,,2020,5,15.69,,,,,
Entire Network,FluSurv-NET,2018,11,2.8,,20-Dec-23,0.00078,,2020,6,7.51562,,2020,6,16.07,,,,,
New York - Albany,EIP,2018,11,3.5,,20-Dec-23,0.0005,,2020,7,6.25291,,2020,7,17.19,,,,,
Entire Network,FluSurv-NET,2018,12,2.3,,26-Dec-23,0.00022,,2020,8,4.85567,,2020,8,15.75,,,,,
New York - Rochester,EIP,2018,12,5.5,,27-Dec-23,0.00041,,2020,9,3.78471,,2020,9,16.09,,,,,
New York - Albany,EIP,2018,12,2.8,,29-Dec-23,0.0003,,2020,10,3.69374,,2020,10,12.41,,,,,
New York - Rochester,EIP,2018,13,7.7,,02-Jan-24,0.00042,,2020,11,6.12276,,2020,11,10.46,,,,,
Entire Network,FluSurv-NET,2018,13,2.2,,05-Jan-24,0.00146,,2020,12,7.90347,,2020,12,5.03,,,,,
New York - Albany,EIP,2018,13,3.4,,05-Jan-24,0.00022,,2020,13,7.98081,,2020,13,1.3,,,,,
Entire Network,FluSurv-NET,2018,14,1.9,,10-Jan-24,0.0006,,2020,14,7.09741,,2020,14,0.54,,,,,
New York - Rochester,EIP,2018,14,7.3,,10-Jan-24,0.00011,,2020,15,4.76863,,2020,15,0,,,,,
New York - Albany,EIP,2018,14,2.9,,12-Jan-24,0.0004,,2020,16,3.30446,,2020,16,0,,,,,
New York - Rochester,EIP,2018,15,4.6,,15-Jan-24,0.0001,,2020,17,2.00144,,2020,17,0.22,,,,,
Entire Network,FluSurv-NET,2018,15,1.3,,15-Jan-24,0.00009,,2020,18,1.27955,,2020,18,0,,,,,
New York - Albany,EIP,2018,15,1.8,,17-Jan-24,0.00012,,2020,19,0.96626,,2020,19,0,,,,,
Entire Network,FluSurv-NET,2018,16,1,,17-Jan-24,0.00032,,2020,20,0.775521,,2020,20,0,,,,,
New York - Rochester,EIP,2018,16,4.3,,19-Jan-24,0.00049,,2020,21,0.683416,,2020,21,0,,,,,
New York - Albany,EIP,2018,16,1.4,,22-Jan-24,0.00016,,2020,22,0.481247,,2020,22,0,,,,,
New York - Rochester,EIP,2018,17,3.5,,22-Jan-24,0.00017,,2020,23,0.428651,,2020,23,0,,,,,
Entire Network,FluSurv-NET,2018,17,1,,23-Jan-24,0.00068,,2020,24,0.400707,,2020,24,0,,,,,
New York - Albany,EIP,2018,17,2.3,,23-Jan-24,0.00028,,2020,25,0.458804,,2020,25,0,,,,,
Entire Network,FluSurv-NET,2018,40,0.1,,24-Jan-24,0.00023,,2020,26,0.360199,,2020,26,0,,,,,
New York - Rochester,EIP,2018,40,0,,26-Jan-24,0.0001,,2020,27,0.424689,,2020,27,0,,,,,
New York - Albany,EIP,2018,40,0,,26-Jan-24,0.00067,,2020,28,0.465711,,2020,28,0,,,,,
New York - Rochester,EIP,2018,41,0,,29-Jan-24,0.00014,,2020,29,0.509557,,2020,29,0,,,,,
Entire Network,FluSurv-NET,2018,41,0.1,,29-Jan-24,0.00021,,2020,30,0.523225,,2020,30,0,,,,,
New York - Albany,EIP,2018,41,0,,31-Jan-24,0.00021,,2020,31,0.522652,,2020,31,0,,,,,
Entire Network,FluSurv-NET,2018,42,0.1,,31-Jan-24,0.0002,,2020,32,0.483196,,2020,32,0,,,,,
New York - Rochester,EIP,2018,42,0.1,,02-Feb-24,0.00015,,2020,33,0.52421,,2020,33,0,,,,,
New York - Albany,EIP,2018,42,0,,02-Feb-24,0.00012,,2020,34,0.739927,,2020,34,0,,,,,
New York - Rochester,EIP,2018,43,0,,05-Feb-24,0.00057,,2020,35,0.724231,,2020,35,0,,,,,
Entire Network,FluSurv-NET,2018,43,0.1,,05-Feb-24,0.00008,,2020,36,0.621846,,2020,36,0,,,,,
New York - Albany,EIP,2018,43,0,,07-Feb-24,0.00031,,2020,37,0.669827,,2020,37,0,,,,,
Entire Network,FluSurv-NET,2018,44,0.2,,07-Feb-24,0.00017,,2020,38,0.77839,,2020,38,0.3,,,,,
New York - Rochester,EIP,2018,44,0,,09-Feb-24,0.00021,,2020,39,0.862973,,2020,39,0,,,,,
New York - Albany,EIP,2018,44,0.1,,09-Feb-24,0.00037,,2020,40,0.881096,,2020,40,0,,,,,
New York - Rochester,EIP,2018,45,0,,12-Feb-24,0.0004,,2020,41,0.925477,,2020,41,0,,,,,
Entire Network,FluSurv-NET,2018,45,0.2,,12-Feb-24,0.00026,,2020,42,0.856567,,2020,42,0.07,,,,,
New York - Albany,EIP,2018,45,0.1,,14-Feb-24,0.0014,,2020,43,0.842508,,2020,43,0.07,,,,,
Entire Network,FluSurv-NET,2018,46,0.2,,14-Feb-24,0.00027,,2020,44,0.87251,,2020,44,0,,,,,
New York - Rochester,EIP,2018,46,0.1,,16-Feb-24,0.00052,,2020,45,1.03146,,2020,45,0.09,,,,,
New York - Albany,EIP,2018,46,0,,19-Feb-24,0.00047,,2020,46,1.16537,,2020,46,0.03,,,,,
New York - Rochester,EIP,2018,47,0.2,,20-Feb-24,0.00017,,2020,47,1.22542,,2020,47,0,,,,,
Entire Network,FluSurv-NET,2018,47,0.3,,21-Feb-24,0.00014,,2020,48,1.21522,,2020,48,0,,,,,
New York - Albany,EIP,2018,47,0.1,,21-Feb-24,0.00044,,2020,49,1.40623,,2020,49,0,,,,,
Entire Network,FluSurv-NET,2018,48,0.6,,23-Feb-24,0.0003,,2020,50,1.64306,,2020,50,0.03,,,,,
New York - Rochester,EIP,2018,48,0.3,,23-Feb-24,0.00043,,2020,51,1.43254,,2020,51,0,,,,,
New York - Albany,EIP,2018,48,0.3,,26-Feb-24,0.0005,,2020,52,1.50536,,2020,52,0.03,,,,,
New York - Rochester,EIP,2018,49,0.2,,27-Feb-24,0.00028,,2020,53,1.68594,,2020,53,0.02,,,,,
Entire Network,FluSurv-NET,2018,49,0.7,,28-Feb-24,0.00058,,2021,1,1.70195,,2021,1,0.02,,,,,
New York - Albany,EIP,2018,49,0.9,,28-Feb-24,0.00024,,2021,2,1.19633,,2021,2,0,,,,,
Entire Network,FluSurv-NET,2018,50,1.2,,01-Mar-24,0.00031,,2021,3,1.48119,,2021,3,0.03,,,,,
New York - Rochester,EIP,2018,50,0.2,,01-Mar-24,0.00002,,2021,4,1.14576,,2021,4,0,,,,,
New York - Albany,EIP,2018,50,1.5,,04-Mar-24,0.00013,,2021,5,1.05889,,2021,5,0,,,,,
New York - Rochester,EIP,2018,51,0.4,,04-Mar-24,0.00027,,2021,6,1.02586,,2021,6,0,,,,,
Entire Network,FluSurv-NET,2018,51,1.9,,06-Mar-24,0.00019,,2021,7,0.87301,,2021,7,0,,,,,
New York - Albany,EIP,2018,51,1.3,,06-Mar-24,0.00006,,2021,8,0.805191,,2021,8,0,,,,,
Entire Network,FluSurv-NET,2018,52,2.9,,08-Mar-24,0.00005,,2021,9,0.912473,,2021,9,0,,,,,
New York - Rochester,EIP,2018,52,1.3,,08-Mar-24,0.00023,,2021,10,0.972795,,2021,10,0,,,,,
New York - Albany,EIP,2018,52,3,,10-Mar-24,0.00009,,2021,11,1.08844,,2021,11,0,,,,,
New York - Rochester,EIP,2019,1,2.2,,11-Mar-24,0.00018,,2021,12,1.01204,,2021,12,0,,,,,
Entire Network,FluSurv-NET,2019,1,3,,13-Mar-24,0.00004,,2021,13,1.08874,,2021,13,0,,,,,
New York - Albany,EIP,2019,1,3.4,,13-Mar-24,0.00016,,2021,14,1.24353,,2021,14,0,,,,,
Entire Network,FluSurv-NET,2019,2,2.5,,15-Mar-24,0.00018,,2021,15,1.15906,,2021,15,0,,,,,
New York - Rochester,EIP,2019,2,3.2,,18-Mar-24,0.00001,,2021,16,1.25811,,2021,16,0,,,,,
New York - Albany,EIP,2019,2,3.1,,18-Mar-24,0.00004,,2021,17,1.17598,,2021,17,0,,,,,
New York - Rochester,EIP,2019,3,3.1,,20-Mar-24,0.00013,,2021,18,1.17592,,2021,18,0,,,,,
Entire Network,FluSurv-NET,2019,3,2.1,,20-Mar-24,0.00012,,2021,19,1.39,,2021,19,0,,,,,
New York - Albany,EIP,2019,3,3.3,,22-Mar-24,0.00004,,2021,20,1.22147,,2021,20,0,,,,,
Entire Network,FluSurv-NET,2019,4,2.3,,25-Mar-24,0.00021,,2021,21,1.13012,,2021,21,0,,,,,
New York - Rochester,EIP,2019,4,3.2,,25-Mar-24,0.00017,,2021,22,1.11651,,2021,22,0,,,,,
New York - Albany,EIP,2019,4,4,,27-Mar-24,0.00022,,2021,23,1.11971,,2021,23,0,,,,,
New York - Rochester,EIP,2019,5,5.1,,27-Mar-24,0.00016,,2021,24,1.28165,,2021,24,0,,,,,
Entire Network,FluSurv-NET,2019,5,3,,29-Mar-24,0.00008,,2021,25,1.26047,,2021,25,0.04,,,,,
New York - Albany,EIP,2019,5,5,,01-Apr-24,0.00011,,2021,26,1.26321,,2021,26,0,,,,,
Entire Network,FluSurv-NET,2019,6,3.5,,03-Apr-24,0.00004,,2021,27,1.13866,,2021,27,0.05,,,,,
New York - Rochester,EIP,2019,6,6.7,,05-Apr-24,0.00008,,2021,28,1.15302,,2021,28,0,,,,,
New York - Albany,EIP,2019,6,6.5,,08-Apr-24,0.00007,,2021,29,1.38025,,2021,29,0,,,,,
New York - Rochester,EIP,2019,7,9.7,,10-Apr-24,0,,2021,30,1.38601,,2021,30,0,,,,,
Entire Network,FluSurv-NET,2019,7,3.8,,12-Apr-24,0.00002,,2021,31,1.57921,,2021,31,0,,,,,
New York - Albany,EIP,2019,7,7.4,,15-Apr-24,0.00001,,2021,32,1.5096,,2021,32,0,,,,,
Entire Network,FluSurv-NET,2019,8,4.6,,15-Apr-24,0.00005,,2021,33,1.5524,,2021,33,0.05,,,,,
New York - Rochester,EIP,2019,8,11.9,,17-Apr-24,0.00004,,2021,34,1.49765,,2021,34,0,,,,,
New York - Albany,EIP,2019,8,6.4,,17-Apr-24,0.00065,,2021,35,1.4689,,2021,35,0.02,,,,,
New York - Rochester,EIP,2019,9,12.2,,19-Apr-24,0.00011,,2021,36,1.58527,,2021,36,0.02,,,,,
Entire Network,FluSurv-NET,2019,9,4.6,,22-Apr-24,0.00013,,2021,37,1.79243,,2021,37,0.02,,,,,
New York - Albany,EIP,2019,9,5.8,,22-Apr-24,0.00002,,2021,38,1.97953,,2021,38,0,,,,,
Entire Network,FluSurv-NET,2019,10,5.2,,24-Apr-24,0.00001,,2021,39,2.23827,,2021,39,0.04,,,,,
New York - Rochester,EIP,2019,10,10,,24-Apr-24,0.00034,,2021,40,2.2859,,2021,40,0.06,,,,,
New York - Albany,EIP,2019,10,7.3,,26-Apr-24,0.00026,,2021,41,2.11982,,2021,41,0.09,,,,,
New York - Rochester,EIP,2019,11,12.4,,29-Apr-24,0.00002,,2021,42,1.94862,,2021,42,0.04,,,,,
Entire Network,FluSurv-NET,2019,11,5.5,,29-Apr-24,0.00009,,2021,43,1.94925,,2021,43,0.02,,,,,
New York - Albany,EIP,2019,11,8.5,,01-May-24,0.00011,,2021,44,2.37059,,2021,44,0.28,,,,,
Entire Network,FluSurv-NET,2019,12,4.8,,01-May-24,0.00002,,2021,45,2.24516,,2021,45,0.62,,,,,
New York - Rochester,EIP,2019,12,12.3,,03-May-24,0.0003,,2021,46,2.3807,,2021,46,1.02,,,,,
New York - Albany,EIP,2019,12,9.3,,06-May-24,0.00024,,2021,47,2.36538,,2021,47,1.21,,,,,
New York - Rochester,EIP,2019,13,10.5,,06-May-24,0.00014,,2021,48,2.88108,,2021,48,2.82,,,,,
Entire Network,FluSurv-NET,2019,13,3.6,,08-May-24,0.00003,,2021,49,3.10424,,2021,49,4.26,,,,,
New York - Albany,EIP,2019,13,5.5,,08-May-24,0.00028,,2021,50,3.43446,,2021,50,6.16,,,,,
Entire Network,FluSurv-NET,2019,14,2.7,,10-May-24,0.00051,,2021,51,3.88869,,2021,51,4.2,,,,,
New York - Rochester,EIP,2019,14,10.5,,13-May-24,0.00097,,2021,52,4.46933,,2021,52,2.65,,,,,
New York - Albany,EIP,2019,14,4.3,,13-May-24,0.00002,,2022,1,3.40629,,2022,1,1.3,,,,,
New York - Rochester,EIP,2019,15,8.3,,15-May-24,0,,2022,2,2.50629,,2022,2,0.61,,,,,
Entire Network,FluSurv-NET,2019,15,1.8,,15-May-24,0.00027,,2022,3,1.85408,,2022,3,0.52,,,,,
New York - Albany,EIP,2019,15,2.9,,17-May-24,0.00003,,2022,4,1.46417,,2022,4,0.41,,,,,
Entire Network,FluSurv-NET,2019,16,1.1,,20-May-24,0.00006,,2022,5,1.21541,,2022,5,0.69,,,,,
New York - Rochester,EIP,2019,16,4.3,,22-May-24,0,,2022,6,1.20981,,2022,6,0.6,,,,,
New York - Albany,EIP,2019,16,2.9,,23-May-24,0.00003,,2022,7,1.21738,,2022,7,0.88,,,,,
New York - Rochester,EIP,2019,17,2.9,,28-May-24,0,,2022,8,1.34508,,2022,8,1.08,,,,,
New York - Albany,EIP,2019,17,1.8,,29-May-24,0.00001,,2022,9,1.05259,,2022,9,1.48,,,,,
Entire Network,FluSurv-NET,2019,17,0.8,,31-May-24,0,,2022,10,1.50462,,2022,10,2.24,,,,,
New York - Rochester,EIP,2019,40,0.2,,03-Jun-24,0,,2022,11,1.83059,,2022,11,3.96,,,,,
New York - Albany,EIP,2019,40,0.1,,05-Jun-24,0.00004,,2022,12,2.12105,,2022,12,6.83,,,,,
Entire Network,FluSurv-NET,2019,40,0.1,,07-Jun-24,0,,2022,13,2.70543,,2022,13,8.87,,,,,
New York - Rochester,EIP,2019,41,0.2,,10-Jun-24,0,,2022,14,3.45247,,2022,14,12.05,,,,,
Entire Network,FluSurv-NET,2019,41,0.1,,11-Jun-24,0,,2022,15,2.97229,,2022,15,12.32,,,,,
New York - Albany,EIP,2019,41,0,,12-Jun-24,0,,2022,16,2.68122,,2022,16,8.37,,,,,
New York - Rochester,EIP,2019,42,0.2,,12-Jun-24,0,,2022,17,2.7295,,2022,17,7.35,,,,,
New York - Albany,EIP,2019,42,0,,14-Jun-24,0,,2022,18,3.30129,,2022,18,8.23,,,,,
Entire Network,FluSurv-NET,2019,42,0.2,,17-Jun-24,0,,2022,19,3.32802,,2022,19,6.51,,,,,
New York - Rochester,EIP,2019,43,0.1,,17-Jun-24,0,,2022,20,2.84144,,2022,20,5.65,,,,,
Entire Network,FluSurv-NET,2019,43,0.2,,20-Jun-24,0.00001,,2022,21,2.54923,,2022,21,4.12,,,,,
New York - Albany,EIP,2019,43,0,,21-Jun-24,0.00001,,2022,22,2.16659,,2022,22,2.87,,,,,
Entire Network,FluSurv-NET,2019,44,0.2,,24-Jun-24,0,,2022,23,2.09582,,2022,23,1.19,,,,,
New York - Rochester,EIP,2019,44,0.1,,24-Jun-24,0,,2022,24,1.98084,,2022,24,1.01,,,,,
New York - Albany,EIP,2019,44,0.2,,26-Jun-24,0,,2022,25,1.89253,,2022,25,0.59,,,,,
New York - Rochester,EIP,2019,45,0,,26-Jun-24,0,,2022,26,1.7523,,2022,26,0.45,,,,,
New York - Albany,EIP,2019,45,0,,28-Jun-24,0,,2022,27,1.67672,,2022,27,0.27,,,,,
Entire Network,FluSurv-NET,2019,45,0.3,,01-Jul-24,0,,2022,28,1.50115,,2022,28,0.25,,,,,
New York - Rochester,EIP,2019,46,0,,01-Jul-24,0,,2022,29,1.48426,,2022,29,0.1,,,,,
New York - Albany,EIP,2019,46,0.4,,02-Jul-24,0,,2022,30,1.4774,,2022,30,0.14,,,,,
Entire Network,FluSurv-NET,2019,46,0.4,,03-Jul-24,0,,2022,31,1.4802,,2022,31,0.13,,,,,
New York - Rochester,EIP,2019,47,0.4,,08-Jul-24,0,,2022,32,1.59385,,2022,32,0.18,,,,,
New York - Albany,EIP,2019,47,0,,08-Jul-24,0,,2022,33,1.25233,,2022,33,0.3,,,,,
Entire Network,FluSurv-NET,2019,47,0.6,,10-Jul-24,0,,2022,34,1.46255,,2022,34,0.19,,,,,
New York - Rochester,EIP,2019,48,0.5,,10-Jul-24,0,,2022,35,1.0171,,2022,35,0.31,,,,,
New York - Albany,EIP,2019,48,0.5,,12-Jul-24,0,,2022,36,1.21673,,2022,36,0.3,,,,,
Entire Network,FluSurv-NET,2019,48,0.9,,15-Jul-24,0.00001,,2022,37,1.71699,,2022,37,0.4,,,,,
New York - Rochester,EIP,2019,49,0.4,,16-Jul-24,0.00001,,2022,38,1.87767,,2022,38,0.36,,,,,
New York - Albany,EIP,2019,49,0.1,,17-Jul-24,0,,2022,39,1.82684,,2022,39,0.28,,,,,
Entire Network,FluSurv-NET,2019,49,1.3,,19-Jul-24,0.00001,,2022,40,2.35321,,2022,40,0.36,,,,,
New York - Rochester,EIP,2019,50,0.8,,22-Jul-24,0,,2022,41,4.36652,,2022,41,0.73,,,,,
New York - Albany,EIP,2019,50,0.7,,22-Jul-24,0,,2022,42,2.62504,,2022,42,1.34,,,,,
Entire Network,FluSurv-NET,2019,50,1.7,,24-Jul-24,0,,2022,43,2.75031,,2022,43,3.83,,,,,
New York - Rochester,EIP,2019,51,2.2,,24-Jul-24,0,,2022,44,3.88556,,2022,44,6.68,,,,,
New York - Albany,EIP,2019,51,1.3,,26-Jul-24,0,,2022,45,4.21725,,2022,45,10.69,,,,,
Entire Network,FluSurv-NET,2019,51,2.4,,29-Jul-24,0,,2022,46,4.53211,,2022,46,15.02,,,,,
New York - Rochester,EIP,2019,52,5,,29-Jul-24,0,,2022,47,5.84341,,2022,47,25.29,,,,,
New York - Albany,EIP,2019,52,2.1,,31-Jul-24,0,,2022,48,6.83606,,2022,48,26.77,,,,,
Entire Network,FluSurv-NET,2019,52,4.5,,31-Jul-24,0,,2022,49,8.18203,,2022,49,26.7,,,,,
New York - Rochester,EIP,2020,1,8.2,,02-Aug-24,0,,2022,50,5.15234,,2022,50,24.35,,,,,
New York - Albany,EIP,2020,1,2.7,,05-Aug-24,0,,2022,51,6.92419,,2022,51,20.79,,,,,
Entire Network,FluSurv-NET,2020,1,5.3,,05-Aug-24,0,,2022,52,5.40239,,2022,52,14.72,,,,,
New York - Rochester,EIP,2020,2,7.1,,07-Aug-24,0,,2023,1,3.50057,,2023,1,8.42,,,,,
New York - Albany,EIP,2020,2,5.3,,09-Aug-24,0,,2023,2,2.63004,,2023,2,3.43,,,,,
Entire Network,FluSurv-NET,2020,2,4.5,,12-Aug-24,0.00001,,2023,3,2.38797,,2023,3,2.06,,,,,
New York - Rochester,EIP,2020,3,5.8,,13-Aug-24,0,,2023,4,2.34254,,2023,4,0.98,,,,,
New York - Albany,EIP,2020,3,5,,14-Aug-24,0.00003,,2023,5,2.47437,,2023,5,0.62,,,,,
Entire Network,FluSurv-NET,2020,3,4.2,,14-Aug-24,0,,2023,6,2.34875,,2023,6,0.58,,,,,
New York - Rochester,EIP,2020,4,7,,16-Aug-24,0,,2023,7,2.43275,,2023,7,0.49,,,,,
New York - Albany,EIP,2020,4,5.6,,19-Aug-24,0.00001,,2023,8,2.30016,,2023,8,0.59,,,,,
Entire Network,FluSurv-NET,2020,4,4.6,,21-Aug-24,0,,2023,9,2.15804,,2023,9,0.45,,,,,
New York - Rochester,EIP,2020,5,9.1,,23-Aug-24,0.00001,,2023,10,2.20548,,2023,10,0.6,,,,,
New York - Albany,EIP,2020,5,8.3,,26-Aug-24,0.00001,,2023,11,2.33188,,2023,11,0.6,,,,,
Entire Network,FluSurv-NET,2020,5,5.3,,27-Aug-24,0.00001,,2023,12,2.18914,,2023,12,0.69,,,,,
New York - Rochester,EIP,2020,6,9.8,,28-Aug-24,0,,2023,13,2.16315,,2023,13,0.59,,,,,
New York - Albany,EIP,2020,6,10.2,,30-Aug-24,0,,2023,14,1.93375,,2023,14,0.68,,,,,
Entire Network,FluSurv-NET,2020,6,6,,02-Sep-24,0,,2023,15,1.7257,,2023,15,0.38,,,,,
New York - Rochester,EIP,2020,7,8,,03-Sep-24,0,,2023,16,1.52737,,2023,16,0.34,,,,,
New York - Albany,EIP,2020,7,8.4,,04-Sep-24,0.00001,,2023,17,1.58483,,2023,17,0.46,,,,,
Entire Network,FluSurv-NET,2020,7,5,,04-Sep-24,0,,2023,18,1.1209,,2023,18,0.4,,,,,
New York - Rochester,EIP,2020,8,10.5,,06-Sep-24,0.00002,,2023,19,1.39906,,2023,19,0.45,,,,,
New York - Albany,EIP,2020,8,8.4,,09-Sep-24,0.00001,,2023,20,1.71774,,2023,20,0.65,,,,,
Entire Network,FluSurv-NET,2020,8,5,,10-Sep-24,0,,2023,21,1.65233,,2023,21,0.68,,,,,
New York - Rochester,EIP,2020,9,6.6,,11-Sep-24,0,,2023,22,1.31054,,2023,22,0.96,,,,,
New York - Albany,EIP,2020,9,7.5,,11-Sep-24,0.00001,,2023,23,1.41963,,2023,23,0.53,,,,,
Entire Network,FluSurv-NET,2020,9,4.4,,12-Sep-24,0,,2023,24,1.34858,,2023,24,0.42,,,,,
New York - Rochester,EIP,2020,10,6.7,,16-Sep-24,0,,2023,25,1.29315,,2023,25,0.24,,,,,
New York - Albany,EIP,2020,10,5.9,,17-Sep-24,0,,2023,26,1.08874,,2023,26,0.38,,,,,
Entire Network,FluSurv-NET,2020,10,4,,18-Sep-24,0.00001,,2023,27,0.865914,,2023,27,0.42,,,,,
New York - Rochester,EIP,2020,11,5.8,,20-Sep-24,0.00001,,2023,28,0.981587,,2023,28,0.63,,,,,
New York - Albany,EIP,2020,11,4.8,,23-Sep-24,0,,2023,29,1.02805,,2023,29,0.27,,,,,
Entire Network,FluSurv-NET,2020,11,2.8,,25-Sep-24,0,,2023,30,1.03609,,2023,30,0.18,,,,,
New York - Rochester,EIP,2020,12,1.9,,25-Sep-24,0,,2023,31,0.978985,,2023,31,0.53,,,,,
New York - Albany,EIP,2020,12,2.3,,27-Sep-24,0.00001,,2023,32,1.00123,,2023,32,0.57,,,,,
Entire Network,FluSurv-NET,2020,12,1.3,,30-Sep-24,0,,2023,33,1.02769,,2023,33,0.28,,,,,
New York - Rochester,EIP,2020,13,0.3,,30-Sep-24,0,,2023,34,1.02127,,2023,34,0.26,,,,,
New York - Albany,EIP,2020,13,0.3,,02-Oct-24,0.00001,,2023,35,1.01122,,2023,35,0.45,,,,,
Entire Network,FluSurv-NET,2020,13,0.3,,02-Oct-24,0.00003,,2023,36,1.04924,,2023,36,0.43,,,,,
New York - Rochester,EIP,2020,14,0.2,,04-Oct-24,0.00002,,2023,37,1.28467,,2023,37,0.35,,,,,
New York - Albany,EIP,2020,14,0.1,,07-Oct-24,0,,2023,38,1.59934,,2023,38,0.35,,,,,
Entire Network,FluSurv-NET,2020,14,0.1,,07-Oct-24,0,,2023,39,1.57348,,2023,39,0.24,,,,,
New York - Rochester,EIP,2020,15,0,,09-Oct-24,0.00001,,2023,40,1.61296,,2023,40,0.36,,,,,
New York - Albany,EIP,2020,15,0.1,,09-Oct-24,0,,2023,41,1.53101,,2023,41,0.48,,,,,
Entire Network,FluSurv-NET,2020,15,0.1,,11-Oct-24,0.00001,,2023,42,1.57285,,2023,42,0.63,,,,,
New York - Rochester,EIP,2020,16,0,,13-Oct-24,0,,2023,43,1.69252,,2023,43,0.67,,,,,
New York - Albany,EIP,2020,16,0,,14-Oct-24,0.0001,,2023,44,1.70797,,2023,44,0.94,,,,,
Entire Network,FluSurv-NET,2020,16,0.1,,16-Oct-24,0,,2023,45,1.96752,,2023,45,1.69,,,,,
New York - Rochester,EIP,2020,17,0.1,,16-Oct-24,0.00015,,2023,46,2.21594,,2023,46,2.24,,,,,
New York - Albany,EIP,2020,17,0,,18-Oct-24,0,,2023,47,2.36463,,2023,47,3.65,,,,,
Entire Network,FluSurv-NET,2020,17,0,,21-Oct-24,0.00001,,2023,48,2.51013,,2023,48,5.38,,,,,
New York - Rochester,EIP,2020,40,null,,21-Oct-24,0,,2023,49,2.4827,,2023,49,8.54,,,,,
New York - Albany,EIP,2020,40,null,,22-Oct-24,0,,2023,50,3.0827,,2023,50,12.14,,,,,
Entire Network,FluSurv-NET,2020,40,null,,23-Oct-24,0,,2023,51,3.5352,,2023,51,17.08,,,,,
New York - Rochester,EIP,2020,41,null,,23-Oct-24,0.00001,,2023,52,4.23452,,2023,52,18.42,,,,,
New York - Albany,EIP,2020,41,null,,25-Oct-24,0.00001,,2024,1,3.52257,,2024,1,12.1,,,,,
Entire Network,FluSurv-NET,2020,41,null,,27-Oct-24,0,,2024,2,2.54504,,2024,2,11.41,,,,,
New York - Rochester,EIP,2020,42,null,,28-Oct-24,0,,2024,3,2.24634,,2024,3,10.5,,,,,
New York - Albany,EIP,2020,42,null,,29-Oct-24,0,,2024,4,1.68956,,2024,4,9.74,,,,,
Entire Network,FluSurv-NET,2020,42,null,,30-Oct-24,0,,2024,5,2.40958,,2024,5,8.99,,,,,
New York - Rochester,EIP,2020,43,null,,01-Nov-24,0.00001,,2024,6,2.26655,,2024,6,8.78,,,,,
New York - Albany,EIP,2020,43,null,,04-Nov-24,0,,2024,7,2.34278,,2024,7,9.29,,,,,
Entire Network,FluSurv-NET,2020,43,null,,04-Nov-24,0,,2024,8,2.47413,,2024,8,8.73,,,,,
New York - Rochester,EIP,2020,44,null,,05-Nov-24,0,,2024,9,2.23167,,2024,9,8.14,,,,,
New York - Albany,EIP,2020,44,null,,06-Nov-24,0,,2024,10,2.00618,,2024,10,6.93,,,,,
Entire Network,FluSurv-NET,2020,44,null,,06-Nov-24,0,,2024,11,1.84321,,2024,11,5.61,,,,,
New York - Rochester,EIP,2020,45,null,,08-Nov-24,0,,2024,12,1.78908,,2024,12,4.94,,,,,
New York - Albany,EIP,2020,45,null,,10-Nov-24,0,,2024,13,1.83268,,2024,13,4.77,,,,,
Entire Network,FluSurv-NET,2020,45,null,,11-Nov-24,0,,2024,14,1.65707,,2024,14,4,,,,,
New York - Rochester,EIP,2020,46,null,,12-Nov-24,0,,2024,15,1.46932,,2024,15,2.85,,,,,
New York - Albany,EIP,2020,46,null,,13-Nov-24,0.00001,,2024,16,1.30025,,2024,16,1.9,,,,,
Entire Network,FluSurv-NET,2020,46,null,,15-Nov-24,0,,2024,17,1.2529,,2024,17,2.24,,,,,
New York - Rochester,EIP,2020,47,null,,18-Nov-24,0,,2024,18,1.07441,,2024,18,2.51,,,,,
New York - Albany,EIP,2020,47,null,,18-Nov-24,0,,2024,19,1.02848,,2024,19,1.42,,,,,
Entire Network,FluSurv-NET,2020,47,null,,19-Nov-24,0.00002,,2024,20,0.9333,,2024,20,0.69,,,,,
New York - Rochester,EIP,2020,48,null,,20-Nov-24,0.00002,,2024,21,0.866207,,2024,21,0.87,,,,,
New York - Albany,EIP,2020,48,null,,20-Nov-24,0,,2024,22,0.845001,,2024,22,0.91,,,,,
Entire Network,FluSurv-NET,2020,48,null,,22-Nov-24,0.00001,,2024,23,0.790066,,2024,23,0.48,,,,,
New York - Rochester,EIP,2020,49,null,,25-Nov-24,0,,2024,24,0.729241,,2024,24,0.68,,,,,
New York - Albany,EIP,2020,49,null,,25-Nov-24,0,,2024,25,0.812978,,2024,25,0.78,,,,,
Entire Network,FluSurv-NET,2020,49,null,,26-Nov-24,0.00004,,2024,26,0.751413,,2024,26,0.51,,,,,
New York - Rochester,EIP,2020,50,null,,01-Dec-24,0.00003,,2024,27,0.67063,,2024,27,0.32,,,,,
New York - Albany,EIP,2020,50,null,,02-Dec-24,0,,2024,28,1.48907,,2024,28,0.23,,,,,
Entire Network,FluSurv-NET,2020,50,null,,03-Dec-24,0.00004,,2024,29,1.28793,,2024,29,0.6,,,,,
New York - Rochester,EIP,2020,51,null,,04-Dec-24,0,,2024,30,1.41076,,2024,30,0.34,,,,,
New York - Albany,EIP,2020,51,null,,06-Dec-24,0.0001,,2024,31,1.46741,,2024,31,0.28,,,,,
Entire Network,FluSurv-NET,2020,51,null,,09-Dec-24,0.00012,,2024,32,1.44121,,2024,32,0.21,,,,,
New York - Rochester,EIP,2020,52,null,,09-Dec-24,0.00037,,2024,33,1.52654,,2024,33,0.4,,,,,
New York - Albany,EIP,2020,52,null,,11-Dec-24,0.00016,,2024,34,1.3902,,2024,34,0.22,,,,,
Entire Network,FluSurv-NET,2020,52,null,,11-Dec-24,0.00075,,2024,35,1.41007,,2024,35,0.22,,,,,
New York - Rochester,EIP,2020,53,null,,13-Dec-24,0.00088,,2024,36,1.47033,,2024,36,0.24,,,,,
New York - Albany,EIP,2020,53,null,,16-Dec-24,0.00035,,2024,37,1.90983,,2024,37,0.14,,,,,
Entire Network,FluSurv-NET,2020,53,null,,16-Dec-24,0.00102,,2024,38,2.18268,,2024,38,0.41,,,,,
New York - Rochester,EIP,2021,1,null,,17-Dec-24,0.00053,,2024,39,2.0654,,2024,39,0.1,,,,,
New York - Albany,EIP,2021,1,null,,18-Dec-24,0.00031,,2024,40,1.85201,,2024,40,0.25,,,,,
Entire Network,FluSurv-NET,2021,1,null,,20-Dec-24,0.00004,,2024,41,2.02301,,2024,41,0.04,,,,,
New York - Rochester,EIP,2021,2,null,,23-Dec-24,0.00042,,2024,42,2.09214,,2024,42,0.21,,,,,
New York - Albany,EIP,2021,2,null,,23-Dec-24,0.00053,,2024,43,2.15664,,2024,43,0.18,,,,,
Entire Network,FluSurv-NET,2021,2,null,,25-Dec-24,0.00089,,2024,44,2.05957,,2024,44,0.3,,,,,
New York - Rochester,EIP,2021,3,null,,26-Dec-24,0.00145,,2024,45,2.23525,,2024,45,0.67,,,,,
New York - Albany,EIP,2021,3,null,,30-Dec-24,0.00027,,2024,46,2.26351,,2024,46,0.46,,,,,
Entire Network,FluSurv-NET,2021,3,null,,31-Dec-24,0.00033,,2024,47,2.38223,,2024,47,0.91,,,,,
New York - Rochester,EIP,2021,4,null,,01-Jan-25,0.00023,,2024,48,2.40513,,2024,48,1.96,,,,,
New York - Albany,EIP,2021,4,null,,06-Jan-25,0.00023,,2024,49,2.67706,,2024,49,2.48,,,,,
Entire Network,FluSurv-NET,2021,4,null,,06-Jan-25,0.00024,,2024,50,2.99594,,2024,50,4.25,,,,,
New York - Rochester,EIP,2021,5,null,,08-Jan-25,0.00024,,2024,51,3.69902,,2024,51,6.82,,,,,
New York - Albany,EIP,2021,5,null,,08-Jan-25,0.00027,,2024,52,4.26019,,2024,52,12.69,,,,,
Entire Network,FluSurv-NET,2021,5,null,,10-Jan-25,0.00039,,2025,1,4.32401,,2025,1,13.84,,,,,
New York - Rochester,EIP,2021,6,null,,13-Jan-25,0.00026,,2025,2,4.32212,,2025,2,13.59,,,,,
New York - Albany,EIP,2021,6,null,,13-Jan-25,0.00027,,2025,3,5.67942,,2025,3,20.09,,,,,
Entire Network,FluSurv-NET,2021,6,null,,15-Jan-25,0.00014,,2025,4,6.07612,,2025,4,26.18,,,,,
New York - Rochester,EIP,2021,7,null,,15-Jan-25,0.00062,,2025,5,6.19663,,2025,5,26.4,,,,,
New York - Albany,EIP,2021,7,null,,17-Jan-25,0.00058,,2025,6,6.09533,,2025,6,26.42,,,,,
Entire Network,FluSurv-NET,2021,7,null,,21-Jan-25,0.00014,,2025,7,10.0268,,2025,7,26.23,,,,,
New York - Rochester,EIP,2021,8,null,,21-Jan-25,0.00027,,2025,8,7.97361,,2025,8,20.99,,,,,
New York - Albany,EIP,2021,8,null,,22-Jan-25,0.00014,,2025,9,6.12053,,2025,9,14.75,,,,,
Entire Network,FluSurv-NET,2021,8,null,,22-Jan-25,0.0002,,2025,10,5.65947,,2025,10,12.32,,,,,
New York - Rochester,EIP,2021,9,null,,24-Jan-25,0.00032,,2025,11,5.24737,,2025,11,10,,,,,
New York - Albany,EIP,2021,9,null,,27-Jan-25,0.00047,,2025,12,4.77876,,2025,12,7.13,,,,,
Entire Network,FluSurv-NET,2021,9,null,,27-Jan-25,0.00034,,2025,13,4.05267,,2025,13,5.24,,,,,
New York - Rochester,EIP,2021,10,null,,29-Jan-25,0.00042,,2025,14,3.75492,,2025,14,4.78,,,,,
New York - Albany,EIP,2021,10,null,,29-Jan-25,0.00106,,2025,15,3.57188,,2025,15,2.59,,,,,
Entire Network,FluSurv-NET,2021,10,null,,31-Jan-25,0.00053,,2025,16,2.85171,,2025,16,2.18,,,,,
New York - Rochester,EIP,2021,11,null,,03-Feb-25,0.00031,,2025,17,2.25418,,2025,17,1.94,,,,,
New York - Albany,EIP,2021,11,null,,03-Feb-25,0.00061,,2025,18,1.93354,,2025,18,1.23,,,,,
Entire Network,FluSurv-NET,2021,11,null,,05-Feb-25,0.00082,,2025,19,1.63255,,2025,19,0.96,,,,,
New York - Rochester,EIP,2021,12,null,,05-Feb-25,0.00074,,2025,20,1.7044,,2025,20,0.76,,,,,
New York - Albany,EIP,2021,12,null,,07-Feb-25,0.00192,,2025,21,1.61235,,2025,21,0.5,,,,,
Entire Network,FluSurv-NET,2021,12,null,,10-Feb-25,0.0005,,2025,22,1.47433,,2025,22,0.4,,,,,
New York - Rochester,EIP,2021,13,null,,10-Feb-25,0.00173,,2025,23,1.33061,,2025,23,0.25,,,,,
New York - Albany,EIP,2021,13,null,,12-Feb-25,0.00015,,2025,24,1.20607,,2025,24,0.17,,,,,
Entire Network,FluSurv-NET,2021,13,null,,12-Feb-25,0.00048,,2025,25,1.15729,,2025,25,0.36,,,,,
New York - Rochester,EIP,2021,14,null,,14-Feb-25,0.00049,,2025,26,1.06508,,2025,26,0.23,,,,,
New York - Albany,EIP,2021,14,null,,17-Feb-25,0.0007,,2025,27,0.941791,,2025,27,0.16,,,,,
Entire Network,FluSurv-NET,2021,14,null,,18-Feb-25,0.00149,,2025,28,0.971987,,2025,28,0.3,,,,,
New York - Rochester,EIP,2021,15,null,,18-Feb-25,0.0005,,2025,29,0.907284,,2025,29,0.21,,,,,
New York - Albany,EIP,2021,15,null,,19-Feb-25,0.00144,,2025,30,0.876346,,2025,30,0.49,,,,,
Entire Network,FluSurv-NET,2021,15,null,,19-Feb-25,0.00042,,2025,31,0.848789,,2025,31,0.22,,,,,
New York - Rochester,EIP,2021,16,null,,21-Feb-25,0.0004,,2025,32,0.846372,,2025,32,0.13,,,,,
New York - Albany,EIP,2021,16,null,,24-Feb-25,0.00029,,2025,33,0.749216,,2025,33,0.13,,,,,
Entire Network,FluSurv-NET,2021,16,null,,25-Feb-25,0.00015,,2025,34,0.865477,,2025,34,0.48,,,,,
New York - Rochester,EIP,2021,17,null,,26-Feb-25,0.00023,,2025,35,0.785422,,2025,35,0.16,,,,,
New York - Albany,EIP,2021,17,null,,26-Feb-25,0.00038,,2025,36,0.916158,,2025,36,0.26,,,,,
Entire Network,FluSurv-NET,2021,17,null,,28-Feb-25,0.00002,,2025,37,1.13506,,2025,37,0.38,,,,,
New York - Rochester,EIP,2021,40,0.1,,03-Mar-25,0.00018,,2025,38,1.27416,,2025,38,0.33,,,,,
New York - Albany,EIP,2021,40,0,,05-Mar-25,0.00007,,2025,39,1.35015,,2025,39,0.21,,,,,
Entire Network,FluSurv-NET,2021,40,0,,07-Mar-25,0.00013,,2025,40,1.20488,,2025,40,0.35,,,,,
New York - Rochester,EIP,2021,41,0,,10-Mar-25,0.00066,,2025,41,1.24439,,2025,41,0.19,,,,,
New York - Albany,EIP,2021,41,0.2,,12-Mar-25,0.00107,,2025,42,1.27237,,2025,42,0.43,,,,,
Entire Network,FluSurv-NET,2021,41,0,,17-Mar-25,0.00065,,2025,43,1.31291,,2025,43,0.72,,,,,
New York - Rochester,EIP,2021,42,0,,18-Mar-25,0,,2025,44,1.62799,,2025,44,1.11,,,,,
New York - Albany,EIP,2021,42,0,,19-Mar-25,0.00015,,2025,45,1.96803,,2025,45,1.81,,,,,
Entire Network,FluSurv-NET,2021,42,0,,19-Mar-25,0.00016,,2025,46,2.20097,,2025,46,4.42,,,,,
New York - Rochester,EIP,2021,43,0,,21-Mar-25,0.00019,,2025,47,3.1196,,2025,47,9.85,,,,,
New York - Albany,EIP,2021,43,0.1,,24-Mar-25,0.00007,,2025,48,4.94073,,2025,48,17.1,,,,,
Entire Network,FluSurv-NET,2021,43,0,,24-Mar-25,0.0003,,2025,49,5.74741,,2025,49,17.91,,,,,
New York - Rochester,EIP,2021,44,0.1,,26-Mar-25,0.0001,,2025,50,9.26987,,2025,50,24.73,,,,,
New York - Albany,EIP,2021,44,0,,26-Mar-25,0.0001,,2025,51,13.4543,,2025,51,33.65,,,,,
Entire Network,FluSurv-NET,2021,44,0,,28-Mar-25,0,,2025,52,14.42,,2025,52,38,,,,,
New York - Rochester,EIP,2021,45,0,,31-Mar-25,0.00013,,2025,53,10.8838,,2025,53,28.66,,,,,
New York - Albany,EIP,2021,45,0.2,,31-Mar-25,0.00017,,2026,1,6.53811,,2026,1,17.23,,,,,
Entire Network,FluSurv-NET,2021,45,0.1,,02-Apr-25,0.0003,,2026,2,4.56637,,2026,2,10.49,,,,,
New York - Rochester,EIP,2021,46,0,,02-Apr-25,0.00023,,2026,3,3.63669,,2026,3,7.19,,,,,
New York - Albany,EIP,2021,46,0.2,,04-Apr-25,0.00005,,2026,4,2.92861,,2026,4,5.05,,,,,
Entire Network,FluSurv-NET,2021,46,0.1,,07-Apr-25,0.00003,,2026,5,2.81942,,2026,5,3.36,,,,,
New York - Rochester,EIP,2021,47,0.1,,07-Apr-25,0.00005,,2026,6,3.05652,,2026,6,2.68,,,,,
New York - Albany,EIP,2021,47,0.2,,09-Apr-25,0.00014,,2026,7,3.28426,,2026,7,2.19,,,,,
Entire Network,FluSurv-NET,2021,47,0.2,,09-Apr-25,0.00008,,2026,8,2.78993,,2026,8,1.48,,,,,
New York - Rochester,EIP,2021,48,0.1,,11-Apr-25,0.00007,,2026,9,2.80634,,2026,9,1.34,,,,,
New York - Albany,EIP,2021,48,0.5,,14-Apr-25,0.00013,,2026,10,3.13911,,2026,10,1.11,,,,,
Entire Network,FluSurv-NET,2021,48,0.3,,14-Apr-25,0.00011,,2026,11,3.24556,,2026,11,0.82,,,,,
New York - Rochester,EIP,2021,49,0.8,,16-Apr-25,0.00032,,2026,12,3.39543,,2026,12,0.83,,,,,
New York - Albany,EIP,2021,49,0.7,,16-Apr-25,0.00003,,2026,13,3.1686,,2026,13,0.97,,,,,
Entire Network,FluSurv-NET,2021,49,0.4,,18-Apr-25,0.00001,,2026,14,2.4201,,2026,14,1.02,,,,,
New York - Rochester,EIP,2021,50,0.8,,21-Apr-25,0.00007,,2026,15,1.8069,,2026,15,0.86,,,,,
New York - Albany,EIP,2021,50,0.6,,23-Apr-25,0,,2026,16,1.49987,,2026,16,0.47,,,,,
Entire Network,FluSurv-NET,2021,50,0.6,,25-Apr-25,0,,2026,17,1.36546,,2026,17,0.27,,,,,
New York - Rochester,EIP,2021,51,1,,28-Apr-25,0,,2026,18,1.57791,,2026,18,0.12,,,,,
New York - Albany,EIP,2021,51,0.4,,28-Apr-25,0.00005,,2026,19,1.37911,,2026,19,0.09,,,,,
Entire Network,FluSurv-NET,2021,51,0.7,,30-Apr-25,0,,2026,20,1.21201,,2026,20,0.22,,,,,
New York - Rochester,EIP,2021,52,1.2,,30-Apr-25,0.00002,,2026,21,1.09783,,2026,21,0.43,,,,,
New York - Albany,EIP,2021,52,0.8,,02-May-25,0.00001,,2026,22,1.07109,,2026,22,0.34,,,,,
Entire Network,FluSurv-NET,2021,52,1,,05-May-25,0,,2026,23,0.953332,,2026,23,0.13,,,,,
New York - Rochester,EIP,2022,1,0.2,,05-May-25,0.00002,,2026,24,0.886119,,2026,24,0.08,,,,,
New York - Albany,EIP,2022,1,0.3,,07-May-25,0.00006,,,,,,,,,,,,,
Entire Network,FluSurv-NET,2022,1,0.6,,07-May-25,0.00009,,,,,,,,,,,,,
New York - Rochester,EIP,2022,2,0.3,,09-May-25,0.00005,,,,,,,,,,,,,
New York - Albany,EIP,2022,2,0.3,,12-May-25,0.00004,,,,,,,,,,,,,
Entire Network,FluSurv-NET,2022,2,0.4,,12-May-25,0,,,,,,,,,,,,,
New York - Rochester,EIP,2022,3,0.3,,14-May-25,0,,,,,,,,,,,,,
New York - Albany,EIP,2022,3,0.2,,14-May-25,0.00001,,,,,,,,,,,,,
Entire Network,FluSurv-NET,2022,3,0.3,,16-May-25,0.00001,,,,,,,,,,,,,
New York - Rochester,EIP,2022,4,0.3,,19-May-25,0,,,,,,,,,,,,,
New York - Albany,EIP,2022,4,0,,19-May-25,0.00001,,,,,,,,,,,,,
Entire Network,FluSurv-NET,2022,4,0.2,,21-May-25,0,,,,,,,,,,,,,
New York - Rochester,EIP,2022,5,0.1,,21-May-25,0,,,,,,,,,,,,,
New York - Albany,EIP,2022,5,0.1,,22-May-25,0,,,,,,,,,,,,,
Entire Network,FluSurv-NET,2022,5,0.2,,26-May-25,0,,,,,,,,,,,,,
New York - Rochester,EIP,2022,6,0,,26-May-25,0,,,,,,,,,,,,,
New York - Albany,EIP,2022,6,0.1,,28-May-25,0,,,,,,,,,,,,,
Entire Network,FluSurv-NET,2022,6,0.2,,28-May-25,0,,,,,,,,,,,,,
New York - Rochester,EIP,2022,7,0,,30-May-25,0,,,,,,,,,,,,,
New York - Albany,EIP,2022,7,0.2,,02-Jun-25,0.00001,,,,,,,,,,,,,
Entire Network,FluSurv-NET,2022,7,0.2,,02-Jun-25,0,,,,,,,,,,,,,
New York - Rochester,EIP,2022,8,0.2,,04-Jun-25,0,,,,,,,,,,,,,
New York - Albany,EIP,2022,8,0,,06-Jun-25,0,,,,,,,,,,,,,
Entire Network,FluSurv-NET,2022,8,0.3,,09-Jun-25,0,,,,,,,,,,,,,
New York - Rochester,EIP,2022,9,0.2,,09-Jun-25,0,,,,,,,,,,,,,
New York - Albany,EIP,2022,9,0.1,,11-Jun-25,0.00001,,,,,,,,,,,,,
Entire Network,FluSurv-NET,2022,9,0.3,,11-Jun-25,0,,,,,,,,,,,,,
New York - Rochester,EIP,2022,10,0.8,,13-Jun-25,0,,,,,,,,,,,,,
New York - Albany,EIP,2022,10,0.2,,16-Jun-25,0,,,,,,,,,,,,,
Entire Network,FluSurv-NET,2022,10,0.4,,16-Jun-25,0.00001,,,,,,,,,,,,,
New York - Rochester,EIP,2022,11,1,,18-Jun-25,0,,,,,,,,,,,,,
New York - Albany,EIP,2022,11,0.8,,18-Jun-25,0,,,,,,,,,,,,,
Entire Network,FluSurv-NET,2022,11,0.6,,20-Jun-25,0,,,,,,,,,,,,,
New York - Rochester,EIP,2022,12,1.2,,23-Jun-25,0.00001,,,,,,,,,,,,,
New York - Albany,EIP,2022,12,0.3,,23-Jun-25,0,,,,,,,,,,,,,
Entire Network,FluSurv-NET,2022,12,0.7,,25-Jun-25,0,,,,,,,,,,,,,
New York - Rochester,EIP,2022,13,3.2,,25-Jun-25,0.00001,,,,,,,,,,,,,
New York - Albany,EIP,2022,13,0.9,,27-Jun-25,0,,,,,,,,,,,,,
Entire Network,FluSurv-NET,2022,13,0.9,,30-Jun-25,0,,,,,,,,,,,,,
New York - Rochester,EIP,2022,14,3.7,,30-Jun-25,0,,,,,,,,,,,,,
New York - Albany,EIP,2022,14,2,,01-Jul-25,0,,,,,,,,,,,,,
Entire Network,FluSurv-NET,2022,14,1.1,,02-Jul-25,0,,,,,,,,,,,,,
New York - Rochester,EIP,2022,15,2.9,,03-Jul-25,0,,,,,,,,,,,,,
New York - Albany,EIP,2022,15,1.6,,06-Jul-25,0,,,,,,,,,,,,,
Entire Network,FluSurv-NET,2022,15,1.1,,06-Jul-25,0.00001,,,,,,,,,,,,,
New York - Rochester,EIP,2022,16,3.2,,06-Jul-25,0.00002,,,,,,,,,,,,,
New York - Albany,EIP,2022,16,1.6,,06-Jul-25,0,,,,,,,,,,,,,
Entire Network,FluSurv-NET,2022,16,1.2,,06-Jul-25,0,,,,,,,,,,,,,
New York - Rochester,EIP,2022,17,2.7,,06-Jul-25,0,,,,,,,,,,,,,
New York - Albany,EIP,2022,17,2.5,,06-Jul-25,0.00001,,,,,,,,,,,,,
Entire Network,FluSurv-NET,2022,17,1.2,,06-Jul-25,0.00001,,,,,,,,,,,,,
New York - Rochester,EIP,2022,18,1.8,,07-Jul-25,0.00001,,,,,,,,,,,,,
New York - Albany,EIP,2022,18,1.1,,08-Jul-25,0,,,,,,,,,,,,,
Entire Network,FluSurv-NET,2022,18,1.1,,09-Jul-25,0,,,,,,,,,,,,,
New York - Rochester,EIP,2022,19,2.5,,09-Jul-25,0.00001,,,,,,,,,,,,,
New York - Albany,EIP,2022,19,1.4,,11-Jul-25,0,,,,,,,,,,,,,
Entire Network,FluSurv-NET,2022,19,1,,13-Jul-25,0,,,,,,,,,,,,,
New York - Rochester,EIP,2022,20,1.6,,13-Jul-25,0,,,,,,,,,,,,,
New York - Albany,EIP,2022,20,1.2,,13-Jul-25,0.00001,,,,,,,,,,,,,
Entire Network,FluSurv-NET,2022,20,0.8,,13-Jul-25,0.00002,,,,,,,,,,,,,
New York - Rochester,EIP,2022,21,0.5,,13-Jul-25,0.00001,,,,,,,,,,,,,
New York - Albany,EIP,2022,21,0.8,,13-Jul-25,0.00001,,,,,,,,,,,,,
Entire Network,FluSurv-NET,2022,21,0.6,,13-Jul-25,0.00002,,,,,,,,,,,,,
New York - Rochester,EIP,2022,22,0.8,,13-Jul-25,0.00001,,,,,,,,,,,,,
New York - Albany,EIP,2022,22,0.2,,14-Jul-25,0,,,,,,,,,,,,,
Entire Network,FluSurv-NET,2022,22,0.5,,14-Jul-25,0,,,,,,,,,,,,,
New York - Rochester,EIP,2022,23,0.3,,15-Jul-25,0,,,,,,,,,,,,,
New York - Albany,EIP,2022,23,0.2,,16-Jul-25,0.00001,,,,,,,,,,,,,
Entire Network,FluSurv-NET,2022,23,0.3,,18-Jul-25,0,,,,,,,,,,,,,
New York - Rochester,EIP,2022,40,0.1,,20-Jul-25,0.00001,,,,,,,,,,,,,
New York - Albany,EIP,2022,40,0,,20-Jul-25,0.00001,,,,,,,,,,,,,
Entire Network,FluSurv-NET,2022,40,0.4,,20-Jul-25,0.00001,,,,,,,,,,,,,
New York - Rochester,EIP,2022,41,0.1,,20-Jul-25,0.00001,,,,,,,,,,,,,
New York - Albany,EIP,2022,41,0.4,,20-Jul-25,0.00001,,,,,,,,,,,,,
Entire Network,FluSurv-NET,2022,41,0.6,,20-Jul-25,0.00002,,,,,,,,,,,,,
New York - Rochester,EIP,2022,42,0.4,,20-Jul-25,0.00002,,,,,,,,,,,,,
New York - Albany,EIP,2022,42,0.2,,20-Jul-25,0,,,,,,,,,,,,,
Entire Network,FluSurv-NET,2022,42,0.9,,20-Jul-25,0.00001,,,,,,,,,,,,,
New York - Rochester,EIP,2022,43,1.2,,21-Jul-25,0,,,,,,,,,,,,,
New York - Albany,EIP,2022,43,0.1,,21-Jul-25,0,,,,,,,,,,,,,
Entire Network,FluSurv-NET,2022,43,1.7,,23-Jul-25,0,,,,,,,,,,,,,
New York - Rochester,EIP,2022,44,1.5,,23-Jul-25,0,,,,,,,,,,,,,
New York - Albany,EIP,2022,44,0.4,,25-Jul-25,0,,,,,,,,,,,,,
Entire Network,FluSurv-NET,2022,44,2.5,,27-Jul-25,0.00001,,,,,,,,,,,,,
New York - Rochester,EIP,2022,45,3.4,,27-Jul-25,0.00001,,,,,,,,,,,,,
New York - Albany,EIP,2022,45,1.2,,27-Jul-25,0.00001,,,,,,,,,,,,,
Entire Network,FluSurv-NET,2022,45,3.2,,27-Jul-25,0.00001,,,,,,,,,,,,,
New York - Rochester,EIP,2022,46,5.7,,27-Jul-25,0.00002,,,,,,,,,,,,,
New York - Albany,EIP,2022,46,2.1,,27-Jul-25,0.00001,,,,,,,,,,,,,
Entire Network,FluSurv-NET,2022,46,3.9,,27-Jul-25,0.00002,,,,,,,,,,,,,
New York - Rochester,EIP,2022,47,8.3,,27-Jul-25,0.00001,,,,,,,,,,,,,
New York - Albany,EIP,2022,47,6.5,,27-Jul-25,0.00002,,,,,,,,,,,,,
Entire Network,FluSurv-NET,2022,47,6.9,,28-Jul-25,0.00001,,,,,,,,,,,,,
New York - Rochester,EIP,2022,48,10,,28-Jul-25,0.00001,,,,,,,,,,,,,
New York - Albany,EIP,2022,48,11.8,,30-Jul-25,0,,,,,,,,,,,,,
Entire Network,FluSurv-NET,2022,48,8.7,,01-Aug-25,0.00001,,,,,,,,,,,,,
New York - Rochester,EIP,2022,49,12,,03-Aug-25,0.00002,,,,,,,,,,,,,
New York - Albany,EIP,2022,49,14.7,,03-Aug-25,0.00001,,,,,,,,,,,,,
Entire Network,FluSurv-NET,2022,49,7.4,,03-Aug-25,0,,,,,,,,,,,,,
New York - Rochester,EIP,2022,50,10.6,,03-Aug-25,0,,,,,,,,,,,,,
New York - Albany,EIP,2022,50,13.4,,03-Aug-25,0.00001,,,,,,,,,,,,,
Entire Network,FluSurv-NET,2022,50,6.4,,03-Aug-25,0.00001,,,,,,,,,,,,,
New York - Rochester,EIP,2022,51,9,,03-Aug-25,0,,,,,,,,,,,,,
New York - Albany,EIP,2022,51,10.7,,03-Aug-25,0.00002,,,,,,,,,,,,,
Entire Network,FluSurv-NET,2022,51,5.6,,03-Aug-25,0.00002,,,,,,,,,,,,,
New York - Rochester,EIP,2022,52,6.8,,04-Aug-25,0,,,,,,,,,,,,,
New York - Albany,EIP,2022,52,12.8,,06-Aug-25,0.00001,,,,,,,,,,,,,
Entire Network,FluSurv-NET,2022,52,5.2,,08-Aug-25,0,,,,,,,,,,,,,
New York - Rochester,EIP,2023,1,4.7,,10-Aug-25,0.00002,,,,,,,,,,,,,
New York - Albany,EIP,2023,1,5.2,,10-Aug-25,0.00002,,,,,,,,,,,,,
Entire Network,FluSurv-NET,2023,1,3,,10-Aug-25,0,,,,,,,,,,,,,
New York - Rochester,EIP,2023,2,1.3,,10-Aug-25,0.00001,,,,,,,,,,,,,
New York - Albany,EIP,2023,2,2.4,,10-Aug-25,0.00001,,,,,,,,,,,,,
Entire Network,FluSurv-NET,2023,2,1.3,,10-Aug-25,0,,,,,,,,,,,,,
New York - Rochester,EIP,2023,3,0.8,,10-Aug-25,0,,,,,,,,,,,,,
New York - Albany,EIP,2023,3,1.2,,10-Aug-25,0.00001,,,,,,,,,,,,,
Entire Network,FluSurv-NET,2023,3,0.8,,10-Aug-25,0.00001,,,,,,,,,,,,,
New York - Rochester,EIP,2023,4,1.1,,11-Aug-25,0,,,,,,,,,,,,,
New York - Albany,EIP,2023,4,0.6,,12-Aug-25,0,,,,,,,,,,,,,
Entire Network,FluSurv-NET,2023,4,0.5,,13-Aug-25,0,,,,,,,,,,,,,
New York - Rochester,EIP,2023,5,0.3,,13-Aug-25,0.00002,,,,,,,,,,,,,
New York - Albany,EIP,2023,5,0.4,,14-Aug-25,0,,,,,,,,,,,,,
Entire Network,FluSurv-NET,2023,5,0.4,,17-Aug-25,0.00001,,,,,,,,,,,,,
New York - Rochester,EIP,2023,6,0.3,,17-Aug-25,0.00001,,,,,,,,,,,,,
New York - Albany,EIP,2023,6,0.8,,17-Aug-25,0,,,,,,,,,,,,,
Entire Network,FluSurv-NET,2023,6,0.3,,17-Aug-25,0.00001,,,,,,,,,,,,,
New York - Rochester,EIP,2023,7,0.8,,17-Aug-25,0,,,,,,,,,,,,,
New York - Albany,EIP,2023,7,0.8,,17-Aug-25,0.00001,,,,,,,,,,,,,
Entire Network,FluSurv-NET,2023,7,0.3,,17-Aug-25,0.00001,,,,,,,,,,,,,
New York - Rochester,EIP,2023,8,0.4,,17-Aug-25,0.00002,,,,,,,,,,,,,
New York - Albany,EIP,2023,8,0.3,,17-Aug-25,0.00001,,,,,,,,,,,,,
Entire Network,FluSurv-NET,2023,8,0.3,,18-Aug-25,0,,,,,,,,,,,,,
New York - Rochester,EIP,2023,9,0.2,,18-Aug-25,0,,,,,,,,,,,,,
New York - Albany,EIP,2023,9,0.6,,20-Aug-25,0,,,,,,,,,,,,,
Entire Network,FluSurv-NET,2023,9,0.2,,20-Aug-25,0,,,,,,,,,,,,,
New York - Rochester,EIP,2023,10,0,,22-Aug-25,0,,,,,,,,,,,,,
New York - Albany,EIP,2023,10,0.5,,24-Aug-25,0,,,,,,,,,,,,,
Entire Network,FluSurv-NET,2023,10,0.3,,24-Aug-25,0.00004,,,,,,,,,,,,,
New York - Rochester,EIP,2023,11,0.1,,24-Aug-25,0.00001,,,,,,,,,,,,,
New York - Albany,EIP,2023,11,0.5,,24-Aug-25,0.00001,,,,,,,,,,,,,
Entire Network,FluSurv-NET,2023,11,0.3,,24-Aug-25,0.00001,,,,,,,,,,,,,
New York - Rochester,EIP,2023,12,0.5,,24-Aug-25,0,,,,,,,,,,,,,
New York - Albany,EIP,2023,12,0.4,,24-Aug-25,0.00001,,,,,,,,,,,,,
Entire Network,FluSurv-NET,2023,12,0.3,,24-Aug-25,0.00001,,,,,,,,,,,,,
New York - Rochester,EIP,2023,13,0.3,,24-Aug-25,0,,,,,,,,,,,,,
New York - Albany,EIP,2023,13,0.5,,25-Aug-25,0,,,,,,,,,,,,,
Entire Network,FluSurv-NET,2023,13,0.3,,26-Aug-25,0,,,,,,,,,,,,,
New York - Rochester,EIP,2023,14,0.5,,27-Aug-25,0.00001,,,,,,,,,,,,,
New York - Albany,EIP,2023,14,0.7,,27-Aug-25,0,,,,,,,,,,,,,
Entire Network,FluSurv-NET,2023,14,0.2,,28-Aug-25,0,,,,,,,,,,,,,
New York - Rochester,EIP,2023,15,0.2,,01-Sep-25,0,,,,,,,,,,,,,
New York - Albany,EIP,2023,15,0.3,,01-Sep-25,0,,,,,,,,,,,,,
Entire Network,FluSurv-NET,2023,15,0.2,,03-Sep-25,0,,,,,,,,,,,,,
New York - Rochester,EIP,2023,16,0.2,,05-Sep-25,0,,,,,,,,,,,,,
New York - Albany,EIP,2023,16,0.3,,07-Sep-25,0.00002,,,,,,,,,,,,,
Entire Network,FluSurv-NET,2023,16,0.2,,07-Sep-25,0.00001,,,,,,,,,,,,,
New York - Rochester,EIP,2023,17,0.2,,07-Sep-25,0.00001,,,,,,,,,,,,,
New York - Albany,EIP,2023,17,0.3,,07-Sep-25,0,,,,,,,,,,,,,
Entire Network,FluSurv-NET,2023,17,0.2,,07-Sep-25,0,,,,,,,,,,,,,
New York - Rochester,EIP,2023,40,0.1,,07-Sep-25,0.00001,,,,,,,,,,,,,
New York - Albany,EIP,2023,40,0.4,,07-Sep-25,0.00001,,,,,,,,,,,,,
Entire Network,FluSurv-NET,2023,40,0.2,,07-Sep-25,0.00001,,,,,,,,,,,,,
New York - Rochester,EIP,2023,41,0.2,,07-Sep-25,0.00001,,,,,,,,,,,,,
New York - Albany,EIP,2023,41,0,,08-Sep-25,0,,,,,,,,,,,,,
Entire Network,FluSurv-NET,2023,41,0.2,,09-Sep-25,0,,,,,,,,,,,,,
New York - Rochester,EIP,2023,42,0.4,,10-Sep-25,0,,,,,,,,,,,,,
New York - Albany,EIP,2023,42,0.2,,10-Sep-25,0.00001,,,,,,,,,,,,,
Entire Network,FluSurv-NET,2023,42,0.3,,12-Sep-25,0.00008,,,,,,,,,,,,,
New York - Rochester,EIP,2023,43,0.5,,14-Sep-25,0.00001,,,,,,,,,,,,,
New York - Albany,EIP,2023,43,0.3,,14-Sep-25,0.00001,,,,,,,,,,,,,
Entire Network,FluSurv-NET,2023,43,0.3,,14-Sep-25,0,,,,,,,,,,,,,
New York - Rochester,EIP,2023,44,0.5,,14-Sep-25,0.00001,,,,,,,,,,,,,
New York - Albany,EIP,2023,44,0,,14-Sep-25,0.00001,,,,,,,,,,,,,
Entire Network,FluSurv-NET,2023,44,0.5,,14-Sep-25,0,,,,,,,,,,,,,
New York - Rochester,EIP,2023,45,0.9,,14-Sep-25,0.00001,,,,,,,,,,,,,
New York - Albany,EIP,2023,45,0.2,,14-Sep-25,0.00001,,,,,,,,,,,,,
Entire Network,FluSurv-NET,2023,45,0.8,,14-Sep-25,0.00001,,,,,,,,,,,,,
New York - Rochester,EIP,2023,46,0.9,,15-Sep-25,0.00002,,,,,,,,,,,,,
New York - Albany,EIP,2023,46,0.8,,16-Sep-25,0,,,,,,,,,,,,,
Entire Network,FluSurv-NET,2023,46,0.9,,17-Sep-25,0,,,,,,,,,,,,,
New York - Rochester,EIP,2023,47,1.6,,17-Sep-25,0,,,,,,,,,,,,,
New York - Albany,EIP,2023,47,1,,19-Sep-25,0,,,,,,,,,,,,,
Entire Network,FluSurv-NET,2023,47,1.4,,21-Sep-25,0,,,,,,,,,,,,,
New York - Rochester,EIP,2023,48,2.8,,21-Sep-25,0,,,,,,,,,,,,,
New York - Albany,EIP,2023,48,2.1,,21-Sep-25,0.00001,,,,,,,,,,,,,
Entire Network,FluSurv-NET,2023,48,2.1,,21-Sep-25,0,,,,,,,,,,,,,
New York - Rochester,EIP,2023,49,5.2,,21-Sep-25,0,,,,,,,,,,,,,
New York - Albany,EIP,2023,49,2,,21-Sep-25,0,,,,,,,,,,,,,
Entire Network,FluSurv-NET,2023,49,2.9,,21-Sep-25,0,,,,,,,,,,,,,
New York - Rochester,EIP,2023,50,6.8,,21-Sep-25,0.00001,,,,,,,,,,,,,
New York - Albany,EIP,2023,50,2.1,,21-Sep-25,0.00001,,,,,,,,,,,,,
Entire Network,FluSurv-NET,2023,50,4.1,,22-Sep-25,0,,,,,,,,,,,,,
New York - Rochester,EIP,2023,51,12.7,,22-Sep-25,0,,,,,,,,,,,,,
New York - Albany,EIP,2023,51,3,,23-Sep-25,0,,,,,,,,,,,,,
Entire Network,FluSurv-NET,2023,51,6.7,,24-Sep-25,0,,,,,,,,,,,,,
New York - Rochester,EIP,2023,52,13.5,,26-Sep-25,0.00001,,,,,,,,,,,,,
New York - Albany,EIP,2023,52,7.2,,28-Sep-25,0.00001,,,,,,,,,,,,,
Entire Network,FluSurv-NET,2023,52,8.9,,28-Sep-25,0.00001,,,,,,,,,,,,,
New York - Rochester,EIP,2024,1,10.1,,28-Sep-25,0.00001,,,,,,,,,,,,,
New York - Albany,EIP,2024,1,4.5,,28-Sep-25,0,,,,,,,,,,,,,
Entire Network,FluSurv-NET,2024,1,6.9,,28-Sep-25,0.00001,,,,,,,,,,,,,
New York - Rochester,EIP,2024,2,6.9,,28-Sep-25,0,,,,,,,,,,,,,
New York - Albany,EIP,2024,2,5.7,,28-Sep-25,0.00002,,,,,,,,,,,,,
Entire Network,FluSurv-NET,2024,2,5.4,,28-Sep-25,0,,,,,,,,,,,,,
New York - Rochester,EIP,2024,3,4.9,,28-Sep-25,0.00001,,,,,,,,,,,,,
New York - Albany,EIP,2024,3,3.1,,29-Sep-25,0,,,,,,,,,,,,,
Entire Network,FluSurv-NET,2024,3,4.2,,30-Sep-25,0.00003,,,,,,,,,,,,,
New York - Rochester,EIP,2024,4,3.7,,01-Oct-25,0,,,,,,,,,,,,,
New York - Albany,EIP,2024,4,4.5,,01-Oct-25,0.00001,,,,,,,,,,,,,
Entire Network,FluSurv-NET,2024,4,3.9,,03-Oct-25,0,,,,,,,,,,,,,
New York - Rochester,EIP,2024,5,2.7,,05-Oct-25,0.00001,,,,,,,,,,,,,
New York - Albany,EIP,2024,5,7.2,,05-Oct-25,0.00001,,,,,,,,,,,,,
Entire Network,FluSurv-NET,2024,5,3.5,,05-Oct-25,0.00001,,,,,,,,,,,,,
New York - Rochester,EIP,2024,6,3.6,,05-Oct-25,0.00001,,,,,,,,,,,,,
New York - Albany,EIP,2024,6,5.9,,05-Oct-25,0.00001,,,,,,,,,,,,,
Entire Network,FluSurv-NET,2024,6,3.5,,05-Oct-25,0.00001,,,,,,,,,,,,,
New York - Rochester,EIP,2024,7,3.6,,05-Oct-25,0.00001,,,,,,,,,,,,,
New York - Albany,EIP,2024,7,5.1,,05-Oct-25,0,,,,,,,,,,,,,
Entire Network,FluSurv-NET,2024,7,3.4,,05-Oct-25,0,,,,,,,,,,,,,
New York - Rochester,EIP,2024,8,5.5,,06-Oct-25,0,,,,,,,,,,,,,
New York - Albany,EIP,2024,8,5.6,,06-Oct-25,0,,,,,,,,,,,,,
Entire Network,FluSurv-NET,2024,8,3.3,,08-Oct-25,0,,,,,,,,,,,,,
New York - Rochester,EIP,2024,9,4.4,,08-Oct-25,0.00005,,,,,,,,,,,,,
New York - Albany,EIP,2024,9,6.3,,10-Oct-25,0.00001,,,,,,,,,,,,,
Entire Network,FluSurv-NET,2024,9,3.3,,13-Oct-25,0,,,,,,,,,,,,,
New York - Rochester,EIP,2024,10,3.8,,14-Oct-25,0,,,,,,,,,,,,,
New York - Albany,EIP,2024,10,3.5,,15-Oct-25,0.00001,,,,,,,,,,,,,
Entire Network,FluSurv-NET,2024,10,2.7,,15-Oct-25,0,,,,,,,,,,,,,
New York - Rochester,EIP,2024,11,3.7,,17-Oct-25,0.00001,,,,,,,,,,,,,
New York - Albany,EIP,2024,11,2.8,,19-Oct-25,0.00002,,,,,,,,,,,,,
Entire Network,FluSurv-NET,2024,11,2.1,,19-Oct-25,0.00001,,,,,,,,,,,,,
New York - Rochester,EIP,2024,12,2.6,,19-Oct-25,0.00001,,,,,,,,,,,,,
New York - Albany,EIP,2024,12,2.5,,19-Oct-25,0.00001,,,,,,,,,,,,,
Entire Network,FluSurv-NET,2024,12,1.9,,19-Oct-25,0.00003,,,,,,,,,,,,,
New York - Rochester,EIP,2024,13,2.6,,19-Oct-25,0.00001,,,,,,,,,,,,,
New York - Albany,EIP,2024,13,3.1,,19-Oct-25,0.00001,,,,,,,,,,,,,
Entire Network,FluSurv-NET,2024,13,1.7,,19-Oct-25,0.00001,,,,,,,,,,,,,
New York - Rochester,EIP,2024,14,3,,19-Oct-25,0.00001,,,,,,,,,,,,,
New York - Albany,EIP,2024,14,4.6,,20-Oct-25,0,,,,,,,,,,,,,
Entire Network,FluSurv-NET,2024,14,1.7,,21-Oct-25,0,,,,,,,,,,,,,
New York - Rochester,EIP,2024,15,2.8,,22-Oct-25,0.00001,,,,,,,,,,,,,
New York - Albany,EIP,2024,15,3.6,,22-Oct-25,0,,,,,,,,,,,,,
Entire Network,FluSurv-NET,2024,15,1.3,,24-Oct-25,0.00001,,,,,,,,,,,,,
New York - Rochester,EIP,2024,16,1.3,,26-Oct-25,0.00002,,,,,,,,,,,,,
New York - Albany,EIP,2024,16,1.4,,26-Oct-25,0.00001,,,,,,,,,,,,,
Entire Network,FluSurv-NET,2024,16,0.9,,26-Oct-25,0.00001,,,,,,,,,,,,,
New York - Rochester,EIP,2024,17,1.1,,26-Oct-25,0.00003,,,,,,,,,,,,,
New York - Albany,EIP,2024,17,1.1,,26-Oct-25,0.00001,,,,,,,,,,,,,
Entire Network,FluSurv-NET,2024,17,0.7,,26-Oct-25,0,,,,,,,,,,,,,
New York - Rochester,EIP,2024,18,1.5,,26-Oct-25,0.00002,,,,,,,,,,,,,
New York - Albany,EIP,2024,18,0.6,,26-Oct-25,0.00001,,,,,,,,,,,,,
Entire Network,FluSurv-NET,2024,18,0.5,,26-Oct-25,0.00001,,,,,,,,,,,,,
New York - Rochester,EIP,2024,19,0.6,,27-Oct-25,0,,,,,,,,,,,,,
New York - Albany,EIP,2024,19,0.4,,27-Oct-25,0,,,,,,,,,,,,,
Entire Network,FluSurv-NET,2024,19,0.4,,29-Oct-25,0.00002,,,,,,,,,,,,,
New York - Rochester,EIP,2024,20,0.3,,29-Oct-25,0,,,,,,,,,,,,,
New York - Albany,EIP,2024,20,0.2,,31-Oct-25,0.00005,,,,,,,,,,,,,
Entire Network,FluSurv-NET,2024,20,0.3,,02-Nov-25,0.00004,,,,,,,,,,,,,
New York - Rochester,EIP,2024,21,0.4,,02-Nov-25,0.00002,,,,,,,,,,,,,
New York - Albany,EIP,2024,21,0.3,,02-Nov-25,0.00001,,,,,,,,,,,,,
Entire Network,FluSurv-NET,2024,21,0.3,,02-Nov-25,0.00001,,,,,,,,,,,,,
New York - Rochester,EIP,2024,22,0,,02-Nov-25,0.00001,,,,,,,,,,,,,
New York - Albany,EIP,2024,22,0.3,,02-Nov-25,0.00001,,,,,,,,,,,,,
Entire Network,FluSurv-NET,2024,22,0.3,,02-Nov-25,0.00001,,,,,,,,,,,,,
New York - Rochester,EIP,2024,23,0.1,,02-Nov-25,0.00001,,,,,,,,,,,,,
New York - Albany,EIP,2024,23,0.2,,02-Nov-25,0.00001,,,,,,,,,,,,,
Entire Network,FluSurv-NET,2024,23,0.2,,03-Nov-25,0,,,,,,,,,,,,,
New York - Rochester,EIP,2024,24,0.2,,03-Nov-25,0.00006,,,,,,,,,,,,,
New York - Albany,EIP,2024,24,0,,05-Nov-25,0.00012,,,,,,,,,,,,,
Entire Network,FluSurv-NET,2024,24,0.2,,05-Nov-25,0.00001,,,,,,,,,,,,,
New York - Rochester,EIP,2024,25,0.3,,07-Nov-25,0.00001,,,,,,,,,,,,,
New York - Albany,EIP,2024,25,0,,09-Nov-25,0.00002,,,,,,,,,,,,,
Entire Network,FluSurv-NET,2024,25,0.2,,09-Nov-25,0.00008,,,,,,,,,,,,,
New York - Rochester,EIP,2024,26,0.3,,09-Nov-25,0.00002,,,,,,,,,,,,,
New York - Albany,EIP,2024,26,0,,09-Nov-25,0.00002,,,,,,,,,,,,,
Entire Network,FluSurv-NET,2024,26,0.2,,09-Nov-25,0.00001,,,,,,,,,,,,,
New York - Rochester,EIP,2024,27,0,,09-Nov-25,0.00003,,,,,,,,,,,,,
New York - Albany,EIP,2024,27,0,,09-Nov-25,0.00001,,,,,,,,,,,,,
Entire Network,FluSurv-NET,2024,27,0.2,,09-Nov-25,0.00002,,,,,,,,,,,,,
New York - Rochester,EIP,2024,28,0.2,,09-Nov-25,0.00004,,,,,,,,,,,,,
New York - Albany,EIP,2024,28,0,,10-Nov-25,0,,,,,,,,,,,,,
Entire Network,FluSurv-NET,2024,28,0.2,,10-Nov-25,0,,,,,,,,,,,,,
New York - Rochester,EIP,2024,29,0.3,,12-Nov-25,0.00008,,,,,,,,,,,,,
New York - Albany,EIP,2024,29,0,,12-Nov-25,0,,,,,,,,,,,,,
Entire Network,FluSurv-NET,2024,29,0.1,,14-Nov-25,0.00023,,,,,,,,,,,,,
New York - Rochester,EIP,2024,30,0,,17-Nov-25,0.001,,,,,,,,,,,,,
New York - Albany,EIP,2024,30,0.2,,17-Nov-25,0.00002,,,,,,,,,,,,,
Entire Network,FluSurv-NET,2024,30,0.1,,19-Nov-25,0.00251,,,,,,,,,,,,,
New York - Rochester,EIP,2024,31,0,,21-Nov-25,0.00054,,,,,,,,,,,,,
New York - Albany,EIP,2024,31,0,,24-Nov-25,0.00088,,,,,,,,,,,,,
Entire Network,FluSurv-NET,2024,31,0.1,,25-Nov-25,0.00056,,,,,,,,,,,,,
New York - Rochester,EIP,2024,32,0,,25-Nov-25,0.00008,,,,,,,,,,,,,
New York - Albany,EIP,2024,32,0.1,,28-Nov-25,0.00144,,,,,,,,,,,,,
Entire Network,FluSurv-NET,2024,32,0.1,,01-Dec-25,0.00074,,,,,,,,,,,,,
New York - Rochester,EIP,2024,33,0,,01-Dec-25,0.00003,,,,,,,,,,,,,
New York - Albany,EIP,2024,33,0,,03-Dec-25,0.00056,,,,,,,,,,,,,
Entire Network,FluSurv-NET,2024,33,0.1,,03-Dec-25,0.00018,,,,,,,,,,,,,
New York - Rochester,EIP,2024,34,0,,05-Dec-25,0.00027,,,,,,,,,,,,,
New York - Albany,EIP,2024,34,0.1,,08-Dec-25,0.00075,,,,,,,,,,,,,
Entire Network,FluSurv-NET,2024,34,0.1,,10-Dec-25,0.00093,,,,,,,,,,,,,
New York - Rochester,EIP,2024,35,0,,10-Dec-25,0.00113,,,,,,,,,,,,,
New York - Albany,EIP,2024,35,0.1,,11-Dec-25,0.00036,,,,,,,,,,,,,
Entire Network,FluSurv-NET,2024,35,0.1,,12-Dec-25,0.00098,,,,,,,,,,,,,
New York - Rochester,EIP,2024,36,0,,15-Dec-25,0.00032,,,,,,,,,,,,,
New York - Albany,EIP,2024,36,0.1,,15-Dec-25,0.00051,,,,,,,,,,,,,
Entire Network,FluSurv-NET,2024,36,0.1,,17-Dec-25,0.00061,,,,,,,,,,,,,
New York - Albany,EIP,2024,37,0.1,,17-Dec-25,0.00082,,,,,,,,,,,,,
New York - Rochester,EIP,2024,37,0.2,,19-Dec-25,0.00214,,,,,,,,,,,,,
Entire Network,FluSurv-NET,2024,37,0.1,,22-Dec-25,0.00058,,,,,,,,,,,,,
New York - Rochester,EIP,2024,38,0.1,,22-Dec-25,0.00288,,,,,,,,,,,,,
New York - Albany,EIP,2024,38,0.1,,23-Dec-25,0.00271,,,,,,,,,,,,,
Entire Network,FluSurv-NET,2024,38,0.1,,26-Dec-25,0.00138,,,,,,,,,,,,,
New York - Rochester,EIP,2024,39,0,,29-Dec-25,0.00231,,,,,,,,,,,,,
New York - Albany,EIP,2024,39,0,,30-Dec-25,0.00098,,,,,,,,,,,,,
Entire Network,FluSurv-NET,2024,39,0,,31-Dec-25,0.00114,,,,,,,,,,,,,
New York - Rochester,EIP,2024,40,0,,02-Jan-26,0.00071,,,,,,,,,,,,,
New York - Albany,EIP,2024,40,0,,05-Jan-26,0.00031,,,,,,,,,,,,,
Entire Network,FluSurv-NET,2024,40,0.1,,05-Jan-26,0.00181,,,,,,,,,,,,,
New York - Rochester,EIP,2024,41,0,,07-Jan-26,0.00064,,,,,,,,,,,,,
New York - Albany,EIP,2024,41,0.1,,07-Jan-26,0.00044,,,,,,,,,,,,,
Entire Network,FluSurv-NET,2024,41,0.1,,09-Jan-26,0.00057,,,,,,,,,,,,,
New York - Rochester,EIP,2024,42,0,,12-Jan-26,0.0003,,,,,,,,,,,,,
New York - Albany,EIP,2024,42,0.1,,13-Jan-26,0.00044,,,,,,,,,,,,,
Entire Network,FluSurv-NET,2024,42,0.2,,13-Jan-26,0.0006,,,,,,,,,,,,,
New York - Rochester,EIP,2024,43,0.1,,14-Jan-26,0.00035,,,,,,,,,,,,,
New York - Albany,EIP,2024,43,0.2,,16-Jan-26,0,,,,,,,,,,,,,
Entire Network,FluSurv-NET,2024,43,0.2,,19-Jan-26,0.00026,,,,,,,,,,,,,
New York - Rochester,EIP,2024,44,0.3,,19-Jan-26,0.00021,,,,,,,,,,,,,
New York - Albany,EIP,2024,44,0.1,,21-Jan-26,0,,,,,,,,,,,,,
Entire Network,FluSurv-NET,2024,44,0.2,,23-Jan-26,0.00021,,,,,,,,,,,,,
New York - Rochester,EIP,2024,45,0.2,,26-Jan-26,0.00065,,,,,,,,,,,,,
New York - Albany,EIP,2024,45,0.1,,26-Jan-26,0.00003,,,,,,,,,,,,,
Entire Network,FluSurv-NET,2024,45,0.3,,28-Jan-26,0.00009,,,,,,,,,,,,,
New York - Rochester,EIP,2024,46,0.4,,28-Jan-26,0.00135,,,,,,,,,,,,,
New York - Albany,EIP,2024,46,0.2,,30-Jan-26,0.00008,,,,,,,,,,,,,
Entire Network,FluSurv-NET,2024,46,0.4,,02-Feb-26,0.00022,,,,,,,,,,,,,
New York - Rochester,EIP,2024,47,0.4,,02-Feb-26,0.00003,,,,,,,,,,,,,
New York - Albany,EIP,2024,47,0.4,,04-Feb-26,0.00004,,,,,,,,,,,,,
Entire Network,FluSurv-NET,2024,47,0.5,,04-Feb-26,0.00066,,,,,,,,,,,,,
New York - Rochester,EIP,2024,48,0.8,,06-Feb-26,0,,,,,,,,,,,,,
New York - Albany,EIP,2024,48,0.2,,09-Feb-26,0.00016,,,,,,,,,,,,,
Entire Network,FluSurv-NET,2024,48,0.6,,09-Feb-26,0.00004,,,,,,,,,,,,,
New York - Rochester,EIP,2024,49,2.1,,11-Feb-26,0.00002,,,,,,,,,,,,,
New York - Albany,EIP,2024,49,0.7,,11-Feb-26,0.00081,,,,,,,,,,,,,
Entire Network,FluSurv-NET,2024,49,1.2,,13-Feb-26,0,,,,,,,,,,,,,
New York - Rochester,EIP,2024,50,2.1,,16-Feb-26,0.00014,,,,,,,,,,,,,
New York - Albany,EIP,2024,50,0.7,,16-Feb-26,0,,,,,,,,,,,,,
Entire Network,FluSurv-NET,2024,50,2.1,,18-Feb-26,0.00008,,,,,,,,,,,,,
New York - Rochester,EIP,2024,51,3.1,,20-Feb-26,0,,,,,,,,,,,,,
New York - Albany,EIP,2024,51,1.7,,23-Feb-26,0,,,,,,,,,,,,,
Entire Network,FluSurv-NET,2024,51,3.8,,23-Feb-26,0.00004,,,,,,,,,,,,,
New York - Rochester,EIP,2024,52,7.5,,25-Feb-26,0,,,,,,,,,,,,,
New York - Albany,EIP,2024,52,5.2,,27-Feb-26,0,,,,,,,,,,,,,
Entire Network,FluSurv-NET,2024,52,7.7,,02-Mar-26,0.00001,,,,,,,,,,,,,
New York - Rochester,EIP,2025,1,10.9,,02-Mar-26,0.00002,,,,,,,,,,,,,
New York - Albany,EIP,2025,1,7.5,,04-Mar-26,0,,,,,,,,,,,,,
Entire Network,FluSurv-NET,2025,1,10.1,,04-Mar-26,0,,,,,,,,,,,,,
New York - Rochester,EIP,2025,2,9,,06-Mar-26,0.00016,,,,,,,,,,,,,
New York - Albany,EIP,2025,2,7.6,,09-Mar-26,0.00001,,,,,,,,,,,,,
Entire Network,FluSurv-NET,2025,2,8.4,,09-Mar-26,0,,,,,,,,,,,,,
New York - Rochester,EIP,2025,3,10.2,,11-Mar-26,0.00001,,,,,,,,,,,,,
New York - Albany,EIP,2025,3,10,,11-Mar-26,0.00005,,,,,,,,,,,,,
Entire Network,FluSurv-NET,2025,3,9.2,,13-Mar-26,0,,,,,,,,,,,,,
New York - Rochester,EIP,2025,4,14,,16-Mar-26,0,,,,,,,,,,,,,
New York - Albany,EIP,2025,4,8.1,,16-Mar-26,0,,,,,,,,,,,,,
Entire Network,FluSurv-NET,2025,4,10.9,,18-Mar-26,0.00001,,,,,,,,,,,,,
New York - Rochester,EIP,2025,5,20.3,,18-Mar-26,0.00001,,,,,,,,,,,,,
New York - Albany,EIP,2025,5,14.6,,20-Mar-26,0,,,,,,,,,,,,,
Entire Network,FluSurv-NET,2025,5,13.4,,23-Mar-26,0,,,,,,,,,,,,,
New York - Rochester,EIP,2025,6,19.9,,23-Mar-26,0,,,,,,,,,,,,,
New York - Albany,EIP,2025,6,14.5,,25-Mar-26,0.00001,,,,,,,,,,,,,
Entire Network,FluSurv-NET,2025,6,13.5,,25-Mar-26,0,,,,,,,,,,,,,
New York - Rochester,EIP,2025,7,18.5,,27-Mar-26,0.00023,,,,,,,,,,,,,
New York - Albany,EIP,2025,7,13.1,,30-Mar-26,0,,,,,,,,,,,,,
Entire Network,FluSurv-NET,2025,7,10.6,,30-Mar-26,0.00004,,,,,,,,,,,,,
New York - Rochester,EIP,2025,8,15.5,,01-Apr-26,0.00004,,,,,,,,,,,,,
New York - Albany,EIP,2025,8,10.9,,01-Apr-26,0.00006,,,,,,,,,,,,,
Entire Network,FluSurv-NET,2025,8,8.4,,06-Apr-26,0,,,,,,,,,,,,,
New York - Rochester,EIP,2025,9,13.5,,06-Apr-26,0,,,,,,,,,,,,,
New York - Albany,EIP,2025,9,10.9,,08-Apr-26,0.00002,,,,,,,,,,,,,
Entire Network,FluSurv-NET,2025,9,6.7,,08-Apr-26,0,,,,,,,,,,,,,
New York - Rochester,EIP,2025,10,7.2,,10-Apr-26,0,,,,,,,,,,,,,
New York - Albany,EIP,2025,10,8.6,,13-Apr-26,0,,,,,,,,,,,,,
Entire Network,FluSurv-NET,2025,10,4.8,,13-Apr-26,0,,,,,,,,,,,,,
New York - Rochester,EIP,2025,11,6,,15-Apr-26,0,,,,,,,,,,,,,
New York - Albany,EIP,2025,11,6.1,,15-Apr-26,0,,,,,,,,,,,,,
Entire Network,FluSurv-NET,2025,11,3.8,,17-Apr-26,0.00001,,,,,,,,,,,,,
New York - Rochester,EIP,2025,12,5,,20-Apr-26,0,,,,,,,,,,,,,
New York - Albany,EIP,2025,12,6.1,,20-Apr-26,0.00001,,,,,,,,,,,,,
Entire Network,FluSurv-NET,2025,12,2.6,,22-Apr-26,0,,,,,,,,,,,,,
New York - Rochester,EIP,2025,13,3.7,,22-Apr-26,0.00001,,,,,,,,,,,,,
New York - Albany,EIP,2025,13,4,,24-Apr-26,0,,,,,,,,,,,,,
Entire Network,FluSurv-NET,2025,13,2,,27-Apr-26,0,,,,,,,,,,,,,
New York - Rochester,EIP,2025,14,3.1,,27-Apr-26,0,,,,,,,,,,,,,
New York - Albany,EIP,2025,14,3,,29-Apr-26,0,,,,,,,,,,,,,
Entire Network,FluSurv-NET,2025,14,1.6,,29-Apr-26,0,,,,,,,,,,,,,
New York - Rochester,EIP,2025,15,3.5,,01-May-26,0,,,,,,,,,,,,,
New York - Albany,EIP,2025,15,1.6,,02-May-26,0,,,,,,,,,,,,,
Entire Network,FluSurv-NET,2025,15,1.1,,04-May-26,0.00001,,,,,,,,,,,,,
New York - Rochester,EIP,2025,16,2.3,,06-May-26,0.00002,,,,,,,,,,,,,
New York - Albany,EIP,2025,16,1.4,,06-May-26,0,,,,,,,,,,,,,
Entire Network,FluSurv-NET,2025,16,0.8,,08-May-26,0,,,,,,,,,,,,,
New York - Rochester,EIP,2025,17,3.1,,11-May-26,0.00004,,,,,,,,,,,,,
New York - Albany,EIP,2025,17,1.5,,11-May-26,0,,,,,,,,,,,,,
Entire Network,FluSurv-NET,2025,17,1,,13-May-26,0,,,,,,,,,,,,,
New York - Albany,EIP,2025,40,0,,13-May-26,0,,,,,,,,,,,,,
New York - Rochester,EIP,2025,40,0,,15-May-26,0.00001,,,,,,,,,,,,,
Entire Network,FluSurv-NET,2025,40,0.1,,18-May-26,0,,,,,,,,,,,,,
New York - Rochester,EIP,2025,41,0.1,,18-May-26,0,,,,,,,,,,,,,
New York - Albany,EIP,2025,41,0,,20-May-26,0,,,,,,,,,,,,,
Entire Network,FluSurv-NET,2025,41,0.2,,20-May-26,0,,,,,,,,,,,,,
New York - Albany,EIP,2025,42,0.1,,21-May-26,0,,,,,,,,,,,,,
New York - Rochester,EIP,2025,42,0,,25-May-26,0.00001,,,,,,,,,,,,,
Entire Network,FluSurv-NET,2025,42,0.2,,27-May-26,0,,,,,,,,,,,,,
New York - Rochester,EIP,2025,43,0.1,,27-May-26,0,,,,,,,,,,,,,
New York - Albany,EIP,2025,43,0.3,,29-May-26,0,,,,,,,,,,,,,
Entire Network,FluSurv-NET,2025,43,0.2,,01-Jun-26,0,,,,,,,,,,,,,
New York - Albany,EIP,2025,44,0.1,,01-Jun-26,0,,,,,,,,,,,,,
New York - Rochester,EIP,2025,44,0.2,,03-Jun-26,0.00001,,,,,,,,,,,,,
Entire Network,FluSurv-NET,2025,44,0.2,,03-Jun-26,0,,,,,,,,,,,,,
New York - Rochester,EIP,2025,45,0.2,,05-Jun-26,0,,,,,,,,,,,,,
New York - Albany,EIP,2025,45,0.1,,08-Jun-26,0,,,,,,,,,,,,,
Entire Network,FluSurv-NET,2025,45,0.5,,08-Jun-26,0,,,,,,,,,,,,,
New York - Albany,EIP,2025,46,0.4,,10-Jun-26,0,,,,,,,,,,,,,
New York - Rochester,EIP,2025,46,0.8,,12-Jun-26,0.00001,,,,,,,,,,,,,
Entire Network,FluSurv-NET,2025,46,0.7,,15-Jun-26,0.00001,,,,,,,,,,,,,
New York - Rochester,EIP,2025,47,1.1,,15-Jun-26,0.00001,,,,,,,,,,,,,
New York - Albany,EIP,2025,47,0.7,,17-Jun-26,0.00004,,,,,,,,,,,,,
Entire Network,FluSurv-NET,2025,47,1.2,,,,,,,,,,,,,,,,
New York - Albany,EIP,2025,48,1.7,,,,,,,,,,,,,,,,
New York - Rochester,EIP,2025,48,4.2,,,,,,,,,,,,,,,,
Entire Network,FluSurv-NET,2025,48,1.8,,,,,,,,,,,,,,,,
New York - Rochester,EIP,2025,49,6.8,,,,,,,,,,,,,,,,
New York - Albany,EIP,2025,49,3.7,,,,,,,,,,,,,,,,
Entire Network,FluSurv-NET,2025,49,2.9,,,,,,,,,,,,,,,,
New York - Albany,EIP,2025,50,6.4,,,,,,,,,,,,,,,,
New York - Rochester,EIP,2025,50,10.9,,,,,,,,,,,,,,,,
Entire Network,FluSurv-NET,2025,50,4.6,,,,,,,,,,,,,,,,
New York - Rochester,EIP,2025,51,19.3,,,,,,,,,,,,,,,,
New York - Albany,EIP,2025,51,12.4,,,,,,,,,,,,,,,,
Entire Network,FluSurv-NET,2025,51,8.3,,,,,,,,,,,,,,,,
New York - Albany,EIP,2025,52,19.3,,,,,,,,,,,,,,,,
New York - Rochester,EIP,2025,52,29.3,,,,,,,,,,,,,,,,
Entire Network,FluSurv-NET,2025,52,13.2,,,,,,,,,,,,,,,,
New York - Rochester,EIP,2025,53,27.7,,,,,,,,,,,,,,,,
New York - Albany,EIP,2025,53,20,,,,,,,,,,,,,,,,
Entire Network,FluSurv-NET,2025,53,12.6,,,,,,,,,,,,,,,,
New York - Albany,EIP,2026,1,12.8,,,,,,,,,,,,,,,,
New York - Rochester,EIP,2026,1,13.6,,,,,,,,,,,,,,,,
Entire Network,FluSurv-NET,2026,1,7.3,,,,,,,,,,,,,,,,
New York - Rochester,EIP,2026,2,7.6,,,,,,,,,,,,,,,,
New York - Albany,EIP,2026,2,6.8,,,,,,,,,,,,,,,,
Entire Network,FluSurv-NET,2026,2,4.3,,,,,,,,,,,,,,,,
New York - Albany,EIP,2026,3,3.8,,,,,,,,,,,,,,,,
New York - Rochester,EIP,2026,3,3.5,,,,,,,,,,,,,,,,
Entire Network,FluSurv-NET,2026,3,3.5,,,,,,,,,,,,,,,,
New York - Rochester,EIP,2026,4,1.8,,,,,,,,,,,,,,,,
New York - Albany,EIP,2026,4,3.5,,,,,,,,,,,,,,,,
Entire Network,FluSurv-NET,2026,4,3.4,,,,,,,,,,,,,,,,
New York - Albany,EIP,2026,5,2.4,,,,,,,,,,,,,,,,
New York - Rochester,EIP,2026,5,1.3,,,,,,,,,,,,,,,,
Entire Network,FluSurv-NET,2026,5,3.4,,,,,,,,,,,,,,,,
New York - Rochester,EIP,2026,6,0.9,,,,,,,,,,,,,,,,
New York - Albany,EIP,2026,6,2.5,,,,,,,,,,,,,,,,
Entire Network,FluSurv-NET,2026,6,3,,,,,,,,,,,,,,,,
New York - Albany,EIP,2026,7,2.3,,,,,,,,,,,,,,,,
New York - Rochester,EIP,2026,7,1.2,,,,,,,,,,,,,,,,
Entire Network,FluSurv-NET,2026,7,3,,,,,,,,,,,,,,,,
New York - Rochester,EIP,2026,8,1.1,,,,,,,,,,,,,,,,
New York - Albany,EIP,2026,8,3.3,,,,,,,,,,,,,,,,
Entire Network,FluSurv-NET,2026,8,2.4,,,,,,,,,,,,,,,,
New York - Albany,EIP,2026,9,1.9,,,,,,,,,,,,,,,,
New York - Rochester,EIP,2026,9,2.2,,,,,,,,,,,,,,,,
Entire Network,FluSurv-NET,2026,9,2.1,,,,,,,,,,,,,,,,
New York - Rochester,EIP,2026,10,1.8,,,,,,,,,,,,,,,,
New York - Albany,EIP,2026,10,0.8,,,,,,,,,,,,,,,,
Entire Network,FluSurv-NET,2026,10,1.6,,,,,,,,,,,,,,,,
New York - Albany,EIP,2026,11,1.8,,,,,,,,,,,,,,,,
New York - Rochester,EIP,2026,11,1.9,,,,,,,,,,,,,,,,
Entire Network,FluSurv-NET,2026,11,1.3,,,,,,,,,,,,,,,,
Entire Network,FluSurv-NET,2026,12,1.2,,,,,,,,,,,,,,,,
New York - Rochester,EIP,2026,12,1.3,,,,,,,,,,,,,,,,
New York - Albany,EIP,2026,12,0.8,,,,,,,,,,,,,,,,
Entire Network,FluSurv-NET,2026,13,1,,,,,,,,,,,,,,,,
New York - Albany,EIP,2026,13,0.9,,,,,,,,,,,,,,,,
New York - Rochester,EIP,2026,13,2.4,,,,,,,,,,,,,,,,
Entire Network,FluSurv-NET,2026,14,0.7,,,,,,,,,,,,,,,,
New York - Rochester,EIP,2026,14,1.5,,,,,,,,,,,,,,,,
New York - Albany,EIP,2026,14,0.7,,,,,,,,,,,,,,,,
Entire Network,FluSurv-NET,2026,15,0.7,,,,,,,,,,,,,,,,
New York - Albany,EIP,2026,15,0.8,,,,,,,,,,,,,,,,
New York - Rochester,EIP,2026,15,1.1,,,,,,,,,,,,,,,,
Entire Network,FluSurv-NET,2026,16,0.5,,,,,,,,,,,,,,,,
New York - Rochester,EIP,2026,16,0.6,,,,,,,,,,,,,,,,
New York - Albany,EIP,2026,16,0.5,,,,,,,,,,,,,,,,
Entire Network,FluSurv-NET,2026,17,0.4,,,,,,,,,,,,,,,,
New York - Albany,EIP,2026,17,0.3,,,,,,,,,,,,,,,,
New York - Rochester,EIP,2026,17,0.4,,,,,,,,,,,,,,,,
Entire Network,FluSurv-NET,2026,18,0.3,,,,,,,,,,,,,,,,
New York - Rochester,EIP,2026,18,0.4,,,,,,,,,,,,,,,,
New York - Albany,EIP,2026,18,0.2,,,,,,,,,,,,,,,,
Entire Network,FluSurv-NET,2026,19,0.3,,,,,,,,,,,,,,,,
New York - Albany,EIP,2026,19,0.1,,,,,,,,,,,,,,,,
New York - Rochester,EIP,2026,19,0.8,,,,,,,,,,,,,,,,
Entire Network,FluSurv-NET,2026,20,0.2,,,,,,,,,,,,,,,,
New York - Rochester,EIP,2026,20,0.2,,,,,,,,,,,,,,,,
New York - Albany,EIP,2026,20,0,,,,,,,,,,,,,,,,
Entire Network,FluSurv-NET,2026,21,0.1,,,,,,,,,,,,,,,,
New York - Albany,EIP,2026,21,0.1,,,,,,,,,,,,,,,,
New York - Rochester,EIP,2026,21,0,,,,,,,,,,,,,,,,
Entire Network,FluSurv-NET,2026,22,0.1,,,,,,,,,,,,,,,,
New York - Rochester,EIP,2026,22,0.1,,,,,,,,,,,,,,,,
New York - Albany,EIP,2026,22,0.1,,,,,,,,,,,,,,,,
Entire Network,FluSurv-NET,2026,23,0.1,,,,,,,,,,,,,,,,
New York - Albany,EIP,2026,23,0.1,,,,,,,,,,,,,,,,
New York - Rochester,EIP,2026,23,0.2,,,,,,,,,,,,,,,,
Entire Network,FluSurv-NET,2026,24,0.1,,,,,,,,,,,,,,,,
New York - Rochester,EIP,2026,24,0.2,,,,,,,,,,,,,,,,
New York - Albany,EIP,2026,24,0,,,,,,,,,,,,,,,,
Entire Network,FluSurv-NET,2026,25,null,,,,,,,,,,,,,,,,
New York - Albany,EIP,2026,25,null,,,,,,,,,,,,,,,,
New York - Rochester,EIP,2026,25,null,,,,,,,,,,,,,,,,
Entire Network,FluSurv-NET,2026,26,null,,,,,,,,,,,,,,,,
New York - Rochester,EIP,2026,26,null,,,,,,,,,,,,,,,,
New York - Albany,EIP,2026,26,null,,,,,,,,,,,,,,,,
Entire Network,FluSurv-NET,2026,27,null,,,,,,,,,,,,,,,,
New York - Albany,EIP,2026,27,null,,,,,,,,,,,,,,,,
New York - Rochester,EIP,2026,27,null,,,,,,,,,,,,,,,,
Entire Network,FluSurv-NET,2026,28,null,,,,,,,,,,,,,,,,
New York - Rochester,EIP,2026,28,null,,,,,,,,,,,,,,,,
New York - Albany,EIP,2026,28,null,,,,,,,,,,,,,,,,
Entire Network,FluSurv-NET,2026,29,null,,,,,,,,,,,,,,,,
New York - Albany,EIP,2026,29,null,,,,,,,,,,,,,,,,
New York - Rochester,EIP,2026,29,null,,,,,,,,,,,,,,,,
Entire Network,FluSurv-NET,2026,30,null,,,,,,,,,,,,,,,,
New York - Rochester,EIP,2026,30,null,,,,,,,,,,,,,,,,
New York - Albany,EIP,2026,30,null,,,,,,,,,,,,,,,,
Entire Network,FluSurv-NET,2026,31,null,,,,,,,,,,,,,,,,
New York - Albany,EIP,2026,31,null,,,,,,,,,,,,,,,,
New York - Rochester,EIP,2026,31,null,,,,,,,,,,,,,,,,
Entire Network,FluSurv-NET,2026,32,null,,,,,,,,,,,,,,,,
New York - Rochester,EIP,2026,32,null,,,,,,,,,,,,,,,,
New York - Albany,EIP,2026,32,null,,,,,,,,,,,,,,,,
Entire Network,FluSurv-NET,2026,33,null,,,,,,,,,,,,,,,,
New York - Albany,EIP,2026,33,null,,,,,,,,,,,,,,,,
New York - Rochester,EIP,2026,33,null,,,,,,,,,,,,,,,,
Entire Network,FluSurv-NET,2026,34,null,,,,,,,,,,,,,,,,
New York - Rochester,EIP,2026,34,null,,,,,,,,,,,,,,,,
New York - Albany,EIP,2026,34,null,,,,,,,,,,,,,,,,
Entire Network,FluSurv-NET,2026,35,null,,,,,,,,,,,,,,,,
New York - Albany,EIP,2026,35,null,,,,,,,,,,,,,,,,
New York - Rochester,EIP,2026,35,null,,,,,,,,,,,,,,,,
Entire Network,FluSurv-NET,2026,36,null,,,,,,,,,,,,,,,,
New York - Rochester,EIP,2026,36,null,,,,,,,,,,,,,,,,
New York - Albany,EIP,2026,36,null,,,,,,,,,,,,,,,,
Entire Network,FluSurv-NET,2026,37,null,,,,,,,,,,,,,,,,
New York - Albany,EIP,2026,37,null,,,,,,,,,,,,,,,,
New York - Rochester,EIP,2026,37,null,,,,,,,,,,,,,,,,
Entire Network,FluSurv-NET,2026,38,null,,,,,,,,,,,,,,,,
New York - Rochester,EIP,2026,38,null,,,,,,,,,,,,,,,,
New York - Albany,EIP,2026,38,null,,,,,,,,,,,,,,,,
Entire Network,FluSurv-NET,2026,39,null,,,,,,,,,,,,,,,,
New York - Albany,EIP,2026,39,null,,,,,,,,,,,,,,,,
New York - Rochester,EIP,2026,39,null,,,,,,,,,,,,,,,,
